id,google_place_id,yelp_business_id,name,address,city,state,zip_code,phone,website,latitude,longitude,clinic_type,categories,google_rating,google_review_count,google_price_level,yelp_rating,yelp_review_count,yelp_price_level,hours_json,is_open_now,is_active,last_updated,created_at
2,,J_Bj4er_CiQPZ3hd4b-CHQ,MinuteClinic,137 S State St,Chicago,IL,60603,+13126091215,https://www.yelp.com/biz/minuteclinic-chicago-12?adjust_creative=bW9tF4xYi6np6FiGvjpZYA&utm_campaign=yelp_api_v3&utm_medium=api_v3_business_lookup&utm_source=bW9tF4xYi6np6FiGvjpZYA,41.8797056814603,-87.6272587116566,urgent_care,"['Walk-in Clinics', 'Urgent Care']",,,,3.0,47.0,,,,True,2025-12-28 08:48:23.287334,2025-12-25 02:14:08.027444
3,,YLh7-5iri6hiTr5awunDNg,Michigan Avenue Primary Care,180 N Michigan Ave,Chicago,IL,60601,+13129943000,https://www.yelp.com/biz/michigan-avenue-primary-care-chicago?adjust_creative=bW9tF4xYi6np6FiGvjpZYA&utm_campaign=yelp_api_v3&utm_medium=api_v3_business_lookup&utm_source=bW9tF4xYi6np6FiGvjpZYA,41.8855114,-87.6248706,primary_care,"['Family Practice', 'Internal Medicine']",,,,2.9,95.0,,,,True,2025-12-28 08:48:24.942920,2025-12-25 02:14:09.431827
4,,xnsm8fBkLebZexWWfWdgtw,Northwestern Memorial Physicians Group,20 S Clark St,Chicago,IL,60603,+13129263627,https://www.yelp.com/biz/northwestern-memorial-physicians-group-chicago-8?adjust_creative=bW9tF4xYi6np6FiGvjpZYA&utm_campaign=yelp_api_v3&utm_medium=api_v3_business_lookup&utm_source=bW9tF4xYi6np6FiGvjpZYA,41.88129,-87.63122,primary_care,['Medical Centers'],,,,3.7,48.0,,,,True,2025-12-28 08:48:26.607652,2025-12-25 02:14:10.831190
5,,gF68M-OaTDfiLJNbchp-kA,Northwestern Medicine Immediate Care - Streeterville,635 N Fairbanks Ct,Chicago,IL,60611,+13126942273,https://www.yelp.com/biz/northwestern-medicine-immediate-care-streeterville-chicago?adjust_creative=bW9tF4xYi6np6FiGvjpZYA&utm_campaign=yelp_api_v3&utm_medium=api_v3_business_lookup&utm_source=bW9tF4xYi6np6FiGvjpZYA,41.8937955372389,-87.619992043911,urgent_care,['Urgent Care'],,,,2.8,19.0,,,,True,2025-12-28 08:48:28.510199,2025-12-25 02:14:12.200403
7,,_3sMdNrgyJNoPl5-aCeKOw,Shirley Ryan AbilityLab,355 East Erie St,Chicago,IL,60611,+13122381000,https://www.yelp.com/biz/shirley-ryan-abilitylab-chicago?adjust_creative=bW9tF4xYi6np6FiGvjpZYA&utm_campaign=yelp_api_v3&utm_medium=api_v3_business_lookup&utm_source=bW9tF4xYi6np6FiGvjpZYA,41.8939294376291,-87.6184021265463,primary_care,['Medical Centers'],,,,2.8,143.0,,,,True,2025-12-28 08:48:30.188133,2025-12-25 02:14:15.149696
6,,ec_GD1sUuqA4teHBic7vEA,Passport Health - Downtown Chicago Travel Clinic,111 W Washington St,Chicago,IL,60602,+13126416228,https://www.yelp.com/biz/passport-health-downtown-chicago-travel-clinic-chicago-2?adjust_creative=bW9tF4xYi6np6FiGvjpZYA&utm_campaign=yelp_api_v3&utm_medium=api_v3_business_lookup&utm_source=bW9tF4xYi6np6FiGvjpZYA,41.8830278,-87.624905,primary_care,['Medical Centers'],,,,4.2,79.0,,,,True,2025-12-28 08:48:31.879483,2025-12-25 02:14:13.786869
9,,gDR9wf6ER_xl-pGrcsD9VA,Northwestern Medicine Immediate Care River North,635 N Dearborn St,Chicago,IL,60611,+13126942273,https://www.yelp.com/biz/northwestern-medicine-immediate-care-river-north-chicago?adjust_creative=bW9tF4xYi6np6FiGvjpZYA&utm_campaign=yelp_api_v3&utm_medium=api_v3_business_lookup&utm_source=bW9tF4xYi6np6FiGvjpZYA,41.893524,-87.629361,urgent_care,['Urgent Care'],,,,3.0,104.0,,,,True,2025-12-28 08:48:33.581669,2025-12-25 02:14:17.960658
8,,l5zuhgt5hNUuvsQSqQUuYA,Chicago Express Doctors,520 N Kingsbury St,Chicago,IL,60611,+13129294492,https://www.yelp.com/biz/chicago-express-doctors-chicago?adjust_creative=bW9tF4xYi6np6FiGvjpZYA&utm_campaign=yelp_api_v3&utm_medium=api_v3_business_lookup&utm_source=bW9tF4xYi6np6FiGvjpZYA,41.8909068,-87.6401544,urgent_care,"['Urgent Care', 'Home Health Care', 'IV Hydration']",,,,4.2,72.0,,,,True,2025-12-28 08:48:35.249361,2025-12-25 02:14:16.550518
12,,Js2jFMf7LBYLMhuh1RQMRA,Midwest Express Clinic,779 W Adams St,Chicago,IL,60661,+13123828308,https://www.yelp.com/biz/midwest-express-clinic-chicago-3?adjust_creative=bW9tF4xYi6np6FiGvjpZYA&utm_campaign=yelp_api_v3&utm_medium=api_v3_business_lookup&utm_source=bW9tF4xYi6np6FiGvjpZYA,41.879086,-87.64704,urgent_care,['Urgent Care'],,,,1.7,38.0,,,,True,2025-12-28 08:48:37.210061,2025-12-25 02:14:22.092375
10,,o_OOT4mq5BIoiYk5XThsNA,Physicians Immediate Care,825 S State St,Chicago,IL,60605,+13125669510,https://www.yelp.com/biz/physicians-immediate-care-chicago-13?adjust_creative=bW9tF4xYi6np6FiGvjpZYA&utm_campaign=yelp_api_v3&utm_medium=api_v3_business_lookup&utm_source=bW9tF4xYi6np6FiGvjpZYA,41.8710796,-87.62726,urgent_care,"['Urgent Care', 'Walk-in Clinics', 'Laboratory Testing']",,,,2.9,117.0,,,,True,2025-12-28 08:48:38.887923,2025-12-25 02:14:19.350164
11,,brZ5Mh0CLVAfHAXm_CYH6A,Northwestern Medicine Lavin Family Pavilion,259 E Erie St,Chicago,IL,60611,+13129266000,https://www.yelp.com/biz/northwestern-medicine-lavin-family-pavilion-chicago-3?adjust_creative=bW9tF4xYi6np6FiGvjpZYA&utm_campaign=yelp_api_v3&utm_medium=api_v3_business_lookup&utm_source=bW9tF4xYi6np6FiGvjpZYA,41.893880080994,-87.62066103601,primary_care,['Medical Centers'],,,,3.2,6.0,,,,True,2025-12-28 08:48:40.575120,2025-12-25 02:14:20.708807
18,,85jEyual8ILAQhk6qwdeUQ,Midwest Express Clinic,219 W Chicago Ave,Chicago,IL,60654,+13128781945,https://www.yelp.com/biz/midwest-express-clinic-chicago-4?adjust_creative=bW9tF4xYi6np6FiGvjpZYA&utm_campaign=yelp_api_v3&utm_medium=api_v3_business_lookup&utm_source=bW9tF4xYi6np6FiGvjpZYA,41.896344,-87.635071,urgent_care,['Urgent Care'],,,,2.5,50.0,,,,True,2025-12-28 08:48:42.296059,2025-12-25 02:14:30.554791
17,,Huc1_R1KNhP02Jw9Jdscew,Lakeside Clinic,211 E Ontario,Chicago,IL,60611,,https://www.yelp.com/biz/lakeside-clinic-chicago?adjust_creative=bW9tF4xYi6np6FiGvjpZYA&utm_campaign=yelp_api_v3&utm_medium=api_v3_business_lookup&utm_source=bW9tF4xYi6np6FiGvjpZYA,41.8932343,-87.6219788,primary_care,['Family Practice'],,,,5.0,1.0,,,,True,2025-12-28 08:48:43.988954,2025-12-25 02:14:29.147422
14,,Ky-TsBrxySAcfb5pTTQ1Lg,One Medical Primary Care Clinic - River North,415 N Lasalle Dr,Chicago,IL,60654,+18338235560,https://www.yelp.com/biz/one-medical-river-north-chicago?adjust_creative=bW9tF4xYi6np6FiGvjpZYA&utm_campaign=yelp_api_v3&utm_medium=api_v3_business_lookup&utm_source=bW9tF4xYi6np6FiGvjpZYA,41.8899037201834,-87.6321331,primary_care,"['Internal Medicine', 'Sports Medicine', 'Family Practice']",,,,3.9,8.0,,,,True,2025-12-28 08:48:45.630929,2025-12-25 02:14:24.868015
16,,ssusDnlqPYBZfTk13w9cXA,Minute Clinic,137 S Clark St,Chicago,IL,60603,,https://www.yelp.com/biz/minute-clinic-chicago-4?adjust_creative=bW9tF4xYi6np6FiGvjpZYA&utm_campaign=yelp_api_v3&utm_medium=api_v3_business_lookup&utm_source=bW9tF4xYi6np6FiGvjpZYA,41.8795288176677,-87.6306090392514,primary_care,['Medical Centers'],,,,4.0,1.0,,,,True,2025-12-28 08:48:47.449124,2025-12-25 02:14:27.754954
13,,lnSRABXKLZPnsVPim6rKKg,Raby Institute for Integrative Medicine,500 N Michigan Ave,Chicago,IL,60611,+13122761212,https://www.yelp.com/biz/raby-institute-for-integrative-medicine-chicago?adjust_creative=bW9tF4xYi6np6FiGvjpZYA&utm_campaign=yelp_api_v3&utm_medium=api_v3_business_lookup&utm_source=bW9tF4xYi6np6FiGvjpZYA,41.891166,-87.624702,primary_care,['Internal Medicine'],,,,3.6,199.0,,,,True,2025-12-28 08:48:49.114123,2025-12-25 02:14:23.475090
15,,QUmiMNF-BEElQDIonz3RiA,Forward,200 N Michigan Ave,Chicago,IL,60601,+13128746071,https://www.yelp.com/biz/forward-chicago?adjust_creative=bW9tF4xYi6np6FiGvjpZYA&utm_campaign=yelp_api_v3&utm_medium=api_v3_business_lookup&utm_source=bW9tF4xYi6np6FiGvjpZYA,41.886201053018,-87.6249739502072,primary_care,"['Internal Medicine', 'Family Practice', 'Preventive Medicine']",,,,3.0,21.0,,,,True,2025-12-28 08:48:50.752381,2025-12-25 02:14:26.324529
19,,97Y4fyDepEQsY31qKLKIXw,"Veena Korah, MD",,Chicago,IL,60602,,https://www.yelp.com/biz/veena-korah-md-chicago?adjust_creative=bW9tF4xYi6np6FiGvjpZYA&utm_campaign=yelp_api_v3&utm_medium=api_v3_business_lookup&utm_source=bW9tF4xYi6np6FiGvjpZYA,41.883085,-87.629121,primary_care,"['Family Practice', 'Medical Centers']",,,,1.0,1.0,,,,True,2025-12-28 08:48:54.070409,2025-12-25 02:14:31.937272
26,,zMIN-8iHNdoTExMsEetlxQ,Physicians Immediate Care,600 W Adams St,Chicago,IL,60661,+13125060900,https://www.yelp.com/biz/physicians-immediate-care-west-loop-chicago?adjust_creative=bW9tF4xYi6np6FiGvjpZYA&utm_campaign=yelp_api_v3&utm_medium=api_v3_business_lookup&utm_source=bW9tF4xYi6np6FiGvjpZYA,41.8794163,-87.6428229,urgent_care,"['Urgent Care', 'Walk-in Clinics', 'Laboratory Testing']",,,,3.2,227.0,,,,True,2025-12-28 08:48:55.757363,2025-12-25 02:14:42.898391
20,,RYs4yVYUwxq1PrTOa5BS9g,Aligned Modern Health,338 E Ohio St,Chicago,IL,60611,+17732506464,https://www.yelp.com/biz/aligned-modern-health-chicago-20?adjust_creative=bW9tF4xYi6np6FiGvjpZYA&utm_campaign=yelp_api_v3&utm_medium=api_v3_business_lookup&utm_source=bW9tF4xYi6np6FiGvjpZYA,41.8926268,-87.6192751,,"['Chiropractors', 'Acupuncture', 'Massage Therapy']",,,,4.4,44.0,,,,True,2025-12-28 08:48:57.443924,2025-12-25 02:14:33.317303
24,,pRWoFXnlTtvwoHc-Ufybdg,Meticulous Massage,307 N Michigan Ave,Chicago,IL,60601,+17732178396,https://www.yelp.com/biz/meticulous-massage-chicago?adjust_creative=bW9tF4xYi6np6FiGvjpZYA&utm_campaign=yelp_api_v3&utm_medium=api_v3_business_lookup&utm_source=bW9tF4xYi6np6FiGvjpZYA,41.8871,-87.62421,,"['Massage Therapy', 'Massage', 'Body Contouring']",,,,4.8,24.0,,,,True,2025-12-28 08:48:59.100028,2025-12-25 02:14:40.136168
23,,QSCfp8kzwUYxPywQhd4hpA,ImagineMD,10 S Riverside Plz,Chicago,IL,60606,+13123745860,https://www.yelp.com/biz/imaginemd-chicago?adjust_creative=bW9tF4xYi6np6FiGvjpZYA&utm_campaign=yelp_api_v3&utm_medium=api_v3_business_lookup&utm_source=bW9tF4xYi6np6FiGvjpZYA,41.88165,-87.6388749,primary_care,"['Internal Medicine', 'Concierge Medicine', 'Family Practice']",,,,5.0,10.0,,,,True,2025-12-28 08:49:00.766031,2025-12-25 02:14:38.744381
22,,35Vrdks0_zWlmU9O9ZgFsg,Ketamine Centers of Chicago,712 N Dearborn St,Chicago,IL,60654,+18449486337,https://www.yelp.com/biz/ketamine-centers-of-chicago-chicago?adjust_creative=bW9tF4xYi6np6FiGvjpZYA&utm_campaign=yelp_api_v3&utm_medium=api_v3_business_lookup&utm_source=bW9tF4xYi6np6FiGvjpZYA,41.89538,-87.6300399,primary_care,['Medical Centers'],,,,3.4,5.0,,,,True,2025-12-28 08:49:02.404164,2025-12-25 02:14:36.098329
33,,6IVKAZMVj6JJjhoWwoIoVg,Mobile IV Medics - Chicago,,Chicago,IL,60603,+18334837477,https://www.yelp.com/biz/mobile-iv-medics-chicago-chicago?adjust_creative=bW9tF4xYi6np6FiGvjpZYA&utm_campaign=yelp_api_v3&utm_medium=api_v3_business_lookup&utm_source=bW9tF4xYi6np6FiGvjpZYA,41.88089,-87.62127,,"['IV Hydration', 'Home Health Care']",,,,5.0,3.0,,,,True,2025-12-28 08:49:05.662541,2025-12-25 02:14:52.668530
27,,PNYLz167uKJbu1TkmJtkkA,Passport Health Chicago - River North Vaccine Clinic,730 N Franklin St,Chicago,IL,60654,+18722310518,https://www.yelp.com/biz/passport-health-river-north-travel-clinic-chicago?adjust_creative=bW9tF4xYi6np6FiGvjpZYA&utm_campaign=yelp_api_v3&utm_medium=api_v3_business_lookup&utm_source=bW9tF4xYi6np6FiGvjpZYA,41.89584,-87.63603,primary_care,['Medical Centers'],,,,4.0,19.0,,,,True,2025-12-28 08:49:07.313114,2025-12-25 02:14:44.284822
25,,AEdjopeLV6DZq8UlhzUJwg,Advocate Clinic at Walgreens,151 N State St,Chicago,IL,60601,+18003238622,https://www.yelp.com/biz/advocate-clinic-at-walgreens-chicago?adjust_creative=bW9tF4xYi6np6FiGvjpZYA&utm_campaign=yelp_api_v3&utm_medium=api_v3_business_lookup&utm_source=bW9tF4xYi6np6FiGvjpZYA,41.884877,-87.627467,urgent_care,"['Walk-in Clinics', 'Urgent Care']",,,,1.0,1.0,,,,True,2025-12-28 08:49:09.043426,2025-12-25 02:14:41.506417
29,,Hmef--aYz_Ln5ZexFGrtFw,Northwestern Medicine Primary and Specialty Care,259 E Erie St,Chicago,IL,60611,+13129266000,https://www.yelp.com/biz/northwestern-medicine-primary-and-specialty-care-chicago-4?adjust_creative=bW9tF4xYi6np6FiGvjpZYA&utm_campaign=yelp_api_v3&utm_medium=api_v3_business_lookup&utm_source=bW9tF4xYi6np6FiGvjpZYA,41.8936913,-87.620953,primary_care,['Medical Centers'],,,,3.0,11.0,,,,True,2025-12-28 08:49:10.748045,2025-12-25 02:14:47.063744
28,,RruRRsW_27TedFF4XnBrzw,Deeper Connections Counseling,111 N Wabash Ave,Chicago,IL,60602,+13129716500,https://www.yelp.com/biz/deeper-connections-counseling-chicago?adjust_creative=bW9tF4xYi6np6FiGvjpZYA&utm_campaign=yelp_api_v3&utm_medium=api_v3_business_lookup&utm_source=bW9tF4xYi6np6FiGvjpZYA,41.88352,-87.62589,,['Counseling & Mental Health'],,,,5.0,6.0,,,,True,2025-12-28 08:49:14.098072,2025-12-25 02:14:45.669592
34,,7R2-weeGDZWt07ODmFZVTg,Hobson Institute,30 N Michigan Ave,Chicago,IL,60602,+13129869833,https://www.yelp.com/biz/hobson-institute-chicago?adjust_creative=bW9tF4xYi6np6FiGvjpZYA&utm_campaign=yelp_api_v3&utm_medium=api_v3_business_lookup&utm_source=bW9tF4xYi6np6FiGvjpZYA,41.8829547,-87.6247085,pediatric,"['Physical Therapy', 'Pediatricians', 'Pain Management']",,,,5.0,12.0,,,,True,2025-12-28 08:49:17.460028,2025-12-25 02:14:54.101554
35,,5csx1SPTOx6-wb_pROyxaw,Clarity TMS Chicago,333 N Michigan Ave,Chicago,IL,60601,+18722778882,https://www.yelp.com/biz/clarity-tms-chicago-chicago-2?adjust_creative=bW9tF4xYi6np6FiGvjpZYA&utm_campaign=yelp_api_v3&utm_medium=api_v3_business_lookup&utm_source=bW9tF4xYi6np6FiGvjpZYA,41.8878457759975,-87.6242731486528,,['Counseling & Mental Health'],,,,4.3,12.0,,,,True,2025-12-28 08:49:19.220779,2025-12-25 02:14:55.878297
31,,ZNlHypbOwdB0lM3kW2M-Qw,Chicago Nasal & Sinus Center,111 W Washington St,Chicago,IL,60602,+13123729355,https://www.yelp.com/biz/chicago-nasal-and-sinus-center-chicago?adjust_creative=bW9tF4xYi6np6FiGvjpZYA&utm_campaign=yelp_api_v3&utm_medium=api_v3_business_lookup&utm_source=bW9tF4xYi6np6FiGvjpZYA,41.8830035904615,-87.6316940018973,primary_care,"['Ear Nose & Throat', 'Medical Centers', 'Speech Therapists']",,,,4.3,83.0,,,,True,2025-12-28 08:49:20.953667,2025-12-25 02:14:49.805999
30,,Jzv1uFGzv6S0kmSpdhJpDw,Plastic Surgery Clinic of Chicago,737 N Michigan Ave,Chicago,IL,60611,+13128195338,https://www.yelp.com/biz/plastic-surgery-clinic-of-chicago-chicago-2?adjust_creative=bW9tF4xYi6np6FiGvjpZYA&utm_campaign=yelp_api_v3&utm_medium=api_v3_business_lookup&utm_source=bW9tF4xYi6np6FiGvjpZYA,41.8959995,-87.6238055,,['Plastic Surgeons'],,,,4.6,9.0,,,,True,2025-12-28 08:49:24.318387,2025-12-25 02:14:48.423366
32,,_wlF11q12wAYaGFdVzvlbw,Boston Medical Group,30 N Michigan Ave,Chicago,IL,60602,+18666789169,https://www.yelp.com/biz/boston-medical-group-chicago-2?adjust_creative=bW9tF4xYi6np6FiGvjpZYA&utm_campaign=yelp_api_v3&utm_medium=api_v3_business_lookup&utm_source=bW9tF4xYi6np6FiGvjpZYA,41.8829571,-87.6247939,primary_care,"['Urologists', 'Medical Centers']",,,,1.0,4.0,,,,True,2025-12-28 08:49:29.392174,2025-12-25 02:14:51.310705
36,,UjN2TyfuIaEG7uF8iN2kVg,"Bradley R Sabin,MD",200 S Michigan Ave,Chicago,IL,60604,+13129223815,https://www.yelp.com/biz/bradley-r-sabin-md-chicago?adjust_creative=bW9tF4xYi6np6FiGvjpZYA&utm_campaign=yelp_api_v3&utm_medium=api_v3_business_lookup&utm_source=bW9tF4xYi6np6FiGvjpZYA,41.879345,-87.6249224,primary_care,"['Allergists', 'Internal Medicine']",,,,4.9,19.0,,,,True,2025-12-28 08:49:34.545594,2025-12-25 02:14:57.287031
48,,Tu5SYSboTLF9I-1H_uZHkg,Loop Spine & Sports Center,30 N Michigan Ave,Chicago,IL,60602,+13124220042,https://www.yelp.com/biz/loop-spine-and-sports-center-chicago?adjust_creative=bW9tF4xYi6np6FiGvjpZYA&utm_campaign=yelp_api_v3&utm_medium=api_v3_business_lookup&utm_source=bW9tF4xYi6np6FiGvjpZYA,41.8830407512825,-87.6248855573096,,['Chiropractors'],,,,5.0,5.0,,,,True,2025-12-25 05:06:47.856945,2025-12-25 02:15:14.194701
49,,RiQfs8W707QyJikEw6f7Gg,Mercy Medical / Mercy Works at Dearborn Station,47 W Polk St,Chicago,IL,60605,+13125676700,https://www.yelp.com/biz/mercy-medical-mercy-works-at-dearborn-station-chicago?adjust_creative=bW9tF4xYi6np6FiGvjpZYA&utm_campaign=yelp_api_v3&utm_medium=api_v3_business_lookup&utm_source=bW9tF4xYi6np6FiGvjpZYA,41.87173,-87.62909,urgent_care,"['Medical Centers', 'Urgent Care']",,,,2.3,59.0,,,,True,2025-12-25 05:06:20.337834,2025-12-25 02:15:15.610674
85,,Z2lHWy3A2SOEPjSowuyPIw,Herb + Ōhm,205 W Randolph St,Chicago,IL,60606,+13127571882,https://www.yelp.com/biz/herb-%C5%8Dhm-chicago-2?adjust_creative=bW9tF4xYi6np6FiGvjpZYA&utm_campaign=yelp_api_v3&utm_medium=api_v3_business_lookup&utm_source=bW9tF4xYi6np6FiGvjpZYA,41.8841233533904,-87.634173,,"['Acupuncture', 'Traditional Chinese Medicine']",,,,4.9,47.0,,,,True,2025-12-25 05:05:13.565178,2025-12-25 03:06:06.178732
43,,XJNIvlg4dno_b_TxmgJa4A,Eating Recovery Center - Chicago,333 N Michigan Ave,Chicago,IL,60601,+13125409955,https://www.yelp.com/biz/eating-recovery-center-chicago-chicago?adjust_creative=bW9tF4xYi6np6FiGvjpZYA&utm_campaign=yelp_api_v3&utm_medium=api_v3_business_lookup&utm_source=bW9tF4xYi6np6FiGvjpZYA,41.8876748,-87.6242297,primary_care,"['Medical Centers', 'Counseling & Mental Health']",,,,1.6,7.0,,,,True,2025-12-28 08:49:12.402666,2025-12-25 02:15:07.133230
37,,I2pJJ0Hgir0FnfjcVYesUg,Weissbluth Pediatrics,737 N Michigan Ave,Chicago,IL,60611,+13122020300,https://www.yelp.com/biz/weissbluth-pediatrics-chicago?adjust_creative=bW9tF4xYi6np6FiGvjpZYA&utm_campaign=yelp_api_v3&utm_medium=api_v3_business_lookup&utm_source=bW9tF4xYi6np6FiGvjpZYA,41.896073,-87.623583,pediatric,['Pediatricians'],,,,4.2,139.0,,,,True,2025-12-28 08:49:15.766983,2025-12-25 02:14:58.696113
42,,z5XimVSztIXZbc7Hjv8CSg,Concentric Counseling & Consulting,30 N Michigan Ave,Chicago,IL,60602,+13127253093,https://www.yelp.com/biz/concentric-counseling-and-consulting-chicago?adjust_creative=bW9tF4xYi6np6FiGvjpZYA&utm_campaign=yelp_api_v3&utm_medium=api_v3_business_lookup&utm_source=bW9tF4xYi6np6FiGvjpZYA,41.882984161377,-87.6249771118164,,['Counseling & Mental Health'],,,,5.0,3.0,,,,True,2025-12-28 08:49:22.633044,2025-12-25 02:15:05.756654
40,,miRJvprsOrC0jnPpB4JyPQ,Source Healing,650 N Dearborn St,Chicago,IL,60654,+13123359330,https://www.yelp.com/biz/source-healing-chicago?adjust_creative=bW9tF4xYi6np6FiGvjpZYA&utm_campaign=yelp_api_v3&utm_medium=api_v3_business_lookup&utm_source=bW9tF4xYi6np6FiGvjpZYA,41.893883,-87.629902,,"['Acupuncture', 'Massage Therapy', 'Naturopathic/Holistic']",,,,4.9,27.0,,,,True,2025-12-28 08:49:25.985465,2025-12-25 02:15:02.968181
46,,Kn2Jtmf3mlsbWAd8WzsOQg,IVme Wellness + Aesthetics,346 N State St,Chicago,IL,60654,+13127636547,https://www.yelp.com/biz/ivme-wellness-aesthetics-chicago-3?adjust_creative=bW9tF4xYi6np6FiGvjpZYA&utm_campaign=yelp_api_v3&utm_medium=api_v3_business_lookup&utm_source=bW9tF4xYi6np6FiGvjpZYA,41.8887348156721,-87.6284153,,"['IV Hydration', 'Weight Loss Centers', 'Medical Spas']",,,,4.7,60.0,,,,True,2025-12-28 08:49:27.641832,2025-12-25 02:15:11.364505
45,,R8vWAcPANcvFegPecGlmxA,American Medical Association,330 N Wabash Ave,Chicago,IL,60611,+18006218335,https://www.yelp.com/biz/american-medical-association-chicago-3?adjust_creative=bW9tF4xYi6np6FiGvjpZYA&utm_campaign=yelp_api_v3&utm_medium=api_v3_business_lookup&utm_source=bW9tF4xYi6np6FiGvjpZYA,41.8885745108128,-87.6272099465132,primary_care,['Medical Centers'],,,,1.0,2.0,,,,True,2025-12-28 08:49:31.131643,2025-12-25 02:15:09.981208
39,,VVuw6BnXEbn5RkIA3U0o-g,Planned Parenthood - Loop Health Center,18 S Michigan Ave,Chicago,IL,60603,+18772007745,https://www.yelp.com/biz/planned-parenthood-loop-health-center-chicago?adjust_creative=bW9tF4xYi6np6FiGvjpZYA&utm_campaign=yelp_api_v3&utm_medium=api_v3_business_lookup&utm_source=bW9tF4xYi6np6FiGvjpZYA,41.881451,-87.624889,,['Reproductive Health Services'],,,,2.9,49.0,,,,True,2025-12-28 08:49:32.865786,2025-12-25 02:15:01.493833
44,,UuimJ05DYQfwMi-FMCILnw,InnerVoice Psychotherapy & Consultation,180 N Michigan Ave,Chicago,IL,60601,+13126201420,https://www.yelp.com/biz/innervoice-psychotherapy-and-consultation-chicago?adjust_creative=bW9tF4xYi6np6FiGvjpZYA&utm_campaign=yelp_api_v3&utm_medium=api_v3_business_lookup&utm_source=bW9tF4xYi6np6FiGvjpZYA,41.885589,-87.624798,,['Psychologists'],,,,5.0,4.0,,,,True,2025-12-28 08:49:36.243905,2025-12-25 02:15:08.555978
38,,S4oulDgpF0D3EeNiTyvsew,"Alan F Bain, DO - Chicago Health & Wellness Alliance",8 S Michigan Ave,Chicago,IL,60603,+13122367010,https://www.yelp.com/biz/alan-f-bain-do-chicago-health-and-wellness-alliance-chicago?adjust_creative=bW9tF4xYi6np6FiGvjpZYA&utm_campaign=yelp_api_v3&utm_medium=api_v3_business_lookup&utm_source=bW9tF4xYi6np6FiGvjpZYA,41.881983,-87.62473,primary_care,"['Internal Medicine', 'Osteopathic Physicians']",,,,3.9,44.0,,,,True,2025-12-28 08:49:37.961904,2025-12-25 02:15:00.139323
41,,mtaWQBa4cUTGB07x5MpO1Q,Men's Health Chicago,10 S Lasalle St,Chicago,IL,60603,+13129209700,https://www.yelp.com/biz/mens-health-chicago-chicago?adjust_creative=bW9tF4xYi6np6FiGvjpZYA&utm_campaign=yelp_api_v3&utm_medium=api_v3_business_lookup&utm_source=bW9tF4xYi6np6FiGvjpZYA,41.881716,-87.632776,specialty,"['Physical Therapy', 'Internal Medicine', 'Chiropractors']",,,,4.4,19.0,,,,True,2025-12-28 08:49:39.632819,2025-12-25 02:15:04.393558
47,,2OLnti48LCxTPbwTW2l3JQ,Michigan Avenue Podiatry,30 N Michigan Ave,Chicago,IL,60602,+13127010770,https://www.yelp.com/biz/michigan-avenue-podiatry-chicago-2?adjust_creative=bW9tF4xYi6np6FiGvjpZYA&utm_campaign=yelp_api_v3&utm_medium=api_v3_business_lookup&utm_source=bW9tF4xYi6np6FiGvjpZYA,41.882988,-87.624985,,"['Podiatrists', 'Orthotics', 'Orthopedists']",,,,4.0,84.0,,,,True,2025-12-28 08:49:41.307225,2025-12-25 02:15:12.758651
54,ChIJX2rEQrEsDogRA3tr9lUKDrA,,One Medical Primary Care Clinic - River North,"415 N La Salle Dr Suite 100, Chicago, IL 60654, USA",,,,(888) 663-6331,https://onemedical.com/locations/chi/rivernorth?y_source=1_MTA1Mzk0OTM1NS03MTUtbG9jYXRpb24ud2Vic2l0ZQ%3D%3D,41.8898119,-87.6321331,,"['establishment', 'health', 'point_of_interest']",4.4,44.0,,,,,"{'open_now': False, 'periods': [{'close': {'day': 1, 'time': '1800'}, 'open': {'day': 1, 'time': '0800'}}, {'close': {'day': 2, 'time': '1700'}, 'open': {'day': 2, 'time': '0800'}}, {'close': {'day': 3, 'time': '1600'}, 'open': {'day': 3, 'time': '0800'}}, {'close': {'day': 4, 'time': '1630'}, 'open': {'day': 4, 'time': '0800'}}, {'close': {'day': 5, 'time': '1600'}, 'open': {'day': 5, 'time': '0800'}}], 'weekday_text': ['Monday: 8:00\u202fAM\u2009–\u20096:00\u202fPM', 'Tuesday: 8:00\u202fAM\u2009–\u20095:00\u202fPM', 'Wednesday: 8:00\u202fAM\u2009–\u20094:00\u202fPM', 'Thursday: 8:00\u202fAM\u2009–\u20094:30\u202fPM', 'Friday: 8:00\u202fAM\u2009–\u20094:00\u202fPM', 'Saturday: Closed', 'Sunday: Closed']}",,True,2025-12-28 08:47:52.328221,2025-12-25 02:25:22.414817
55,ChIJ0xNfFgUtDogRgKbD7jJcrXM,,One Medical Primary Care Clinic - Fulton Market,"109 N Aberdeen St, Chicago, IL 60607, USA",,,,(888) 663-6331,https://onemedical.com/locations/chi/fultonmarket?y_source=1_MTA1Mzk0OTM5OS03MTUtbG9jYXRpb24ud2Vic2l0ZQ%3D%3D,41.8835709,-87.6540539,,"['establishment', 'health', 'point_of_interest']",4.8,23.0,,,,,"{'open_now': False, 'periods': [{'close': {'day': 1, 'time': '1600'}, 'open': {'day': 1, 'time': '0800'}}, {'close': {'day': 2, 'time': '1700'}, 'open': {'day': 2, 'time': '0800'}}, {'close': {'day': 3, 'time': '1700'}, 'open': {'day': 3, 'time': '0800'}}, {'close': {'day': 4, 'time': '1700'}, 'open': {'day': 4, 'time': '0800'}}, {'close': {'day': 5, 'time': '1600'}, 'open': {'day': 5, 'time': '0700'}}], 'weekday_text': ['Monday: 8:00\u202fAM\u2009–\u20094:00\u202fPM', 'Tuesday: 8:00\u202fAM\u2009–\u20095:00\u202fPM', 'Wednesday: 8:00\u202fAM\u2009–\u20095:00\u202fPM', 'Thursday: 8:00\u202fAM\u2009–\u20095:00\u202fPM', 'Friday: 7:00\u202fAM\u2009–\u20094:00\u202fPM', 'Saturday: Closed', 'Sunday: Closed']}",,True,2025-12-28 08:47:54.003799,2025-12-25 02:25:23.574143
56,ChIJYYypDqQsDogRI1Uv8oN0QLU,,Michigan Avenue Immediate Care,"180 N Michigan Ave #1605, Chicago, IL 60601, USA",,,,(312) 201-1234,https://www.michiganavenueprimarycare.com/immediate-care,41.885512,-87.6249235,,"['establishment', 'health', 'point_of_interest']",4.6,856.0,,,,,"{'open_now': False, 'periods': [{'close': {'day': 1, 'time': '1600'}, 'open': {'day': 1, 'time': '0800'}}, {'close': {'day': 2, 'time': '1600'}, 'open': {'day': 2, 'time': '0800'}}, {'close': {'day': 3, 'time': '1600'}, 'open': {'day': 3, 'time': '0800'}}, {'close': {'day': 4, 'time': '1600'}, 'open': {'day': 4, 'time': '0800'}}, {'close': {'day': 5, 'time': '1600'}, 'open': {'day': 5, 'time': '0800'}}], 'weekday_text': ['Monday: 8:00\u202fAM\u2009–\u20094:00\u202fPM', 'Tuesday: 8:00\u202fAM\u2009–\u20094:00\u202fPM', 'Wednesday: 8:00\u202fAM\u2009–\u20094:00\u202fPM', 'Thursday: 8:00\u202fAM\u2009–\u20094:00\u202fPM', 'Friday: 8:00\u202fAM\u2009–\u20094:00\u202fPM', 'Saturday: Closed', 'Sunday: Closed']}",,True,2025-12-28 08:47:55.674683,2025-12-25 02:25:24.711049
57,ChIJwQQcvBfTD4gRE6w_qeoOeCU,,One Medical Primary Care Clinic - Wicker Park,"1640 N Damen Ave, Chicago, IL 60647, USA",,,,(888) 663-6331,https://onemedical.com/locations/chi/wicker-park?y_source=1_MTA1Mzk0OTM3MS03MTUtbG9jYXRpb24ud2Vic2l0ZQ%3D%3D,41.9116886,-87.6777466,,"['establishment', 'health', 'point_of_interest']",4.5,30.0,,,,,"{'open_now': False, 'periods': [{'close': {'day': 1, 'time': '1900'}, 'open': {'day': 1, 'time': '0700'}}, {'close': {'day': 2, 'time': '1700'}, 'open': {'day': 2, 'time': '0800'}}, {'close': {'day': 3, 'time': '1700'}, 'open': {'day': 3, 'time': '0800'}}, {'close': {'day': 4, 'time': '1700'}, 'open': {'day': 4, 'time': '0800'}}, {'close': {'day': 5, 'time': '1700'}, 'open': {'day': 5, 'time': '0800'}}], 'weekday_text': ['Monday: 7:00\u202fAM\u2009–\u20097:00\u202fPM', 'Tuesday: 8:00\u202fAM\u2009–\u20095:00\u202fPM', 'Wednesday: 8:00\u202fAM\u2009–\u20095:00\u202fPM', 'Thursday: 8:00\u202fAM\u2009–\u20095:00\u202fPM', 'Friday: 8:00\u202fAM\u2009–\u20095:00\u202fPM', 'Saturday: Closed', 'Sunday: Closed']}",,True,2025-12-28 08:47:57.343932,2025-12-25 02:25:25.854494
58,ChIJ91N-37ssDogRjEsbhuzmqI8,,One Medical Primary Care Clinic - The Loop,"230 W Monroe St #100, Chicago, IL 60606, USA",,,,(888) 663-6331,https://onemedical.com/locations/chi/loop?y_source=1_MTA1Mzk0OTMzMS03MTUtbG9jYXRpb24ud2Vic2l0ZQ%3D%3D,41.8810718,-87.6348873,,"['establishment', 'health', 'point_of_interest']",4.5,52.0,,,,,"{'open_now': False, 'periods': [{'close': {'day': 1, 'time': '1700'}, 'open': {'day': 1, 'time': '0800'}}, {'close': {'day': 2, 'time': '1700'}, 'open': {'day': 2, 'time': '0800'}}, {'close': {'day': 3, 'time': '1600'}, 'open': {'day': 3, 'time': '0800'}}, {'close': {'day': 4, 'time': '1630'}, 'open': {'day': 4, 'time': '0800'}}, {'close': {'day': 5, 'time': '1600'}, 'open': {'day': 5, 'time': '0800'}}], 'weekday_text': ['Monday: 8:00\u202fAM\u2009–\u20095:00\u202fPM', 'Tuesday: 8:00\u202fAM\u2009–\u20095:00\u202fPM', 'Wednesday: 8:00\u202fAM\u2009–\u20094:00\u202fPM', 'Thursday: 8:00\u202fAM\u2009–\u20094:30\u202fPM', 'Friday: 8:00\u202fAM\u2009–\u20094:00\u202fPM', 'Saturday: Closed', 'Sunday: Closed']}",,True,2025-12-28 08:47:59.025353,2025-12-25 02:25:26.988449
60,ChIJH71yfsfSD4gRob9sqRgbraY,,Midwest Express Clinic Urgent Care,"1520 N Damen Ave, Chicago, IL 60622, USA",,,,(312) 283-5560,https://midwestexpressclinic.com/locations/bucktown-wicker-park-chicago-il-urgent-care/,41.908876,-87.6775799,,"['doctor', 'establishment', 'health', 'point_of_interest']",4.6,1826.0,,,,,"{'open_now': False, 'periods': [{'close': {'day': 0, 'time': '1800'}, 'open': {'day': 0, 'time': '0800'}}, {'close': {'day': 1, 'time': '2000'}, 'open': {'day': 1, 'time': '0800'}}, {'close': {'day': 2, 'time': '2000'}, 'open': {'day': 2, 'time': '0800'}}, {'close': {'day': 3, 'time': '2000'}, 'open': {'day': 3, 'time': '0800'}}, {'close': {'day': 4, 'time': '2000'}, 'open': {'day': 4, 'time': '0800'}}, {'close': {'day': 5, 'time': '2000'}, 'open': {'day': 5, 'time': '0800'}}, {'close': {'day': 6, 'time': '1800'}, 'open': {'day': 6, 'time': '0800'}}], 'weekday_text': ['Monday: 8:00\u202fAM\u2009–\u20098:00\u202fPM', 'Tuesday: 8:00\u202fAM\u2009–\u20098:00\u202fPM', 'Wednesday: 8:00\u202fAM\u2009–\u20098:00\u202fPM', 'Thursday: 8:00\u202fAM\u2009–\u20098:00\u202fPM', 'Friday: 8:00\u202fAM\u2009–\u20098:00\u202fPM', 'Saturday: 8:00\u202fAM\u2009–\u20096:00\u202fPM', 'Sunday: 8:00\u202fAM\u2009–\u20096:00\u202fPM']}",,True,2025-12-28 08:48:02.370407,2025-12-25 02:25:29.255092
61,ChIJk22ADKQsDogRseb1F38GGrs,,Michigan Avenue Primary Care,"180 N Michigan Ave #1720, Chicago, IL 60601, USA",,,,(312) 994-3000,https://www.michiganavenueprimarycare.com/,41.8855186,-87.624903,,"['doctor', 'establishment', 'health', 'point_of_interest']",4.6,1087.0,,,,,"{'open_now': False, 'periods': [{'close': {'day': 1, 'time': '1600'}, 'open': {'day': 1, 'time': '0800'}}, {'close': {'day': 2, 'time': '1600'}, 'open': {'day': 2, 'time': '0800'}}, {'close': {'day': 3, 'time': '1600'}, 'open': {'day': 3, 'time': '0800'}}, {'close': {'day': 4, 'time': '1600'}, 'open': {'day': 4, 'time': '0800'}}, {'close': {'day': 5, 'time': '1600'}, 'open': {'day': 5, 'time': '0800'}}, {'close': {'day': 6, 'time': '1300'}, 'open': {'day': 6, 'time': '0900'}}], 'weekday_text': ['Monday: 8:00\u202fAM\u2009–\u20094:00\u202fPM', 'Tuesday: 8:00\u202fAM\u2009–\u20094:00\u202fPM', 'Wednesday: 8:00\u202fAM\u2009–\u20094:00\u202fPM', 'Thursday: 8:00\u202fAM\u2009–\u20094:00\u202fPM', 'Friday: 8:00\u202fAM\u2009–\u20094:00\u202fPM', 'Saturday: 9:00\u202fAM\u2009–\u20091:00\u202fPM', 'Sunday: Closed']}",,True,2025-12-28 08:48:04.045445,2025-12-25 02:25:30.388125
62,ChIJBeHI6OwtDogRstmJgwJFFko,,Oak Street Health Chinatown Primary Care Clinic,"2335 S Wentworth Ave # B, Chicago, IL 60616, USA",,,,(872) 268-5441,https://www.oakstreethealth.com/locations/chicago-il/chinatown-doctors-office?utm_source=listings&utm_vpf=rioseo&utm_campaign=location&clinic_id=191,41.8498607,-87.6317281,,"['establishment', 'health', 'point_of_interest']",4.4,16.0,,,,,"{'open_now': False, 'periods': [{'close': {'day': 1, 'time': '1700'}, 'open': {'day': 1, 'time': '0800'}}, {'close': {'day': 2, 'time': '1700'}, 'open': {'day': 2, 'time': '0800'}}, {'close': {'day': 3, 'time': '1700'}, 'open': {'day': 3, 'time': '0800'}}, {'close': {'day': 4, 'time': '1700'}, 'open': {'day': 4, 'time': '0800'}}, {'close': {'day': 5, 'time': '1700'}, 'open': {'day': 5, 'time': '0800'}}], 'weekday_text': ['Monday: 8:00\u202fAM\u2009–\u20095:00\u202fPM', 'Tuesday: 8:00\u202fAM\u2009–\u20095:00\u202fPM', 'Wednesday: 8:00\u202fAM\u2009–\u20095:00\u202fPM', 'Thursday: 8:00\u202fAM\u2009–\u20095:00\u202fPM', 'Friday: 8:00\u202fAM\u2009–\u20095:00\u202fPM', 'Saturday: Closed', 'Sunday: Closed']}",,True,2025-12-28 08:48:05.702587,2025-12-25 02:25:31.532780
63,ChIJE_HkFcMsDogRD7vNmdDlEEI,,Midwest Express Clinic Urgent Care,"779 W Adams St, Chicago, IL 60661, USA",,,,(312) 382-8308,https://midwestexpressclinic.com/locations/west-loop-chicago-il-urgent-care/,41.8790686,-87.647061,,"['doctor', 'establishment', 'health', 'point_of_interest']",4.6,1491.0,,,,,"{'open_now': False, 'periods': [{'close': {'day': 0, 'time': '1800'}, 'open': {'day': 0, 'time': '0800'}}, {'close': {'day': 1, 'time': '2000'}, 'open': {'day': 1, 'time': '0800'}}, {'close': {'day': 2, 'time': '2000'}, 'open': {'day': 2, 'time': '0800'}}, {'close': {'day': 3, 'time': '2000'}, 'open': {'day': 3, 'time': '0800'}}, {'close': {'day': 4, 'time': '2000'}, 'open': {'day': 4, 'time': '0800'}}, {'close': {'day': 5, 'time': '2000'}, 'open': {'day': 5, 'time': '0800'}}, {'close': {'day': 6, 'time': '1800'}, 'open': {'day': 6, 'time': '0800'}}], 'weekday_text': ['Monday: 8:00\u202fAM\u2009–\u20098:00\u202fPM', 'Tuesday: 8:00\u202fAM\u2009–\u20098:00\u202fPM', 'Wednesday: 8:00\u202fAM\u2009–\u20098:00\u202fPM', 'Thursday: 8:00\u202fAM\u2009–\u20098:00\u202fPM', 'Friday: 8:00\u202fAM\u2009–\u20098:00\u202fPM', 'Saturday: 8:00\u202fAM\u2009–\u20096:00\u202fPM', 'Sunday: 8:00\u202fAM\u2009–\u20096:00\u202fPM']}",,True,2025-12-28 08:48:07.387260,2025-12-25 02:25:32.692514
64,ChIJQcCKTZAsDogRfKQ3pzMg98w,,MinuteClinic,"1154 S Clark St, Chicago, IL 60605, USA",,,,(866) 389-2727,https://www.cvs.com/minuteclinic/clinic-locator/il/chicago/17009.html?WT.mc_id=LS_mc_google_carenav_17009,41.8681654,-87.6311449,,"['establishment', 'health', 'point_of_interest']",2.8,41.0,,,,,"{'open_now': False, 'periods': [{'close': {'day': 1, 'time': '1330'}, 'open': {'day': 1, 'time': '0900'}}, {'close': {'day': 1, 'time': '1930'}, 'open': {'day': 1, 'time': '1400'}}, {'close': {'day': 2, 'time': '1330'}, 'open': {'day': 2, 'time': '0900'}}, {'close': {'day': 2, 'time': '1930'}, 'open': {'day': 2, 'time': '1400'}}], 'weekday_text': ['Monday: 9:00\u202fAM\u2009–\u20091:30\u202fPM, 2:00\u2009–\u20097:30\u202fPM', 'Tuesday: 9:00\u202fAM\u2009–\u20091:30\u202fPM, 2:00\u2009–\u20097:30\u202fPM', 'Wednesday: Closed', 'Thursday: Closed', 'Friday: Closed', 'Saturday: Closed', 'Sunday: Closed']}",,True,2025-12-28 08:48:09.051961,2025-12-25 02:25:33.833895
65,ChIJ546PDk_TD4gR4Ww7NJPkst0,,MinuteClinic at CVS,"1165 N Clark St, Chicago, IL 60610, USA",,,,(866) 389-2727,https://www.cvs.com/minuteclinic/clinic-locator/il/chicago/8698.html?WT.mc_id=LS_mc_google_carenav_8698,41.9036296,-87.6311686,,"['establishment', 'health', 'point_of_interest']",3.6,31.0,,,,,"{'open_now': False, 'periods': [{'close': {'day': 0, 'time': '1300'}, 'open': {'day': 0, 'time': '0900'}}, {'close': {'day': 0, 'time': '1630'}, 'open': {'day': 0, 'time': '1330'}}, {'close': {'day': 1, 'time': '1330'}, 'open': {'day': 1, 'time': '0830'}}, {'close': {'day': 1, 'time': '1930'}, 'open': {'day': 1, 'time': '1430'}}, {'close': {'day': 2, 'time': '1330'}, 'open': {'day': 2, 'time': '0830'}}, {'close': {'day': 2, 'time': '1930'}, 'open': {'day': 2, 'time': '1430'}}, {'close': {'day': 3, 'time': '1330'}, 'open': {'day': 3, 'time': '0830'}}, {'close': {'day': 3, 'time': '1930'}, 'open': {'day': 3, 'time': '1430'}}, {'close': {'day': 4, 'time': '1330'}, 'open': {'day': 4, 'time': '0830'}}, {'close': {'day': 4, 'time': '1930'}, 'open': {'day': 4, 'time': '1430'}}, {'close': {'day': 5, 'time': '1330'}, 'open': {'day': 5, 'time': '0830'}}, {'close': {'day': 5, 'time': '1930'}, 'open': {'day': 5, 'time': '1430'}}, {'close': {'day': 6, 'time': '1300'}, 'open': {'day': 6, 'time': '0900'}}, {'close': {'day': 6, 'time': '1730'}, 'open': {'day': 6, 'time': '1330'}}], 'weekday_text': ['Monday: 8:30\u202fAM\u2009–\u20091:30\u202fPM, 2:30\u2009–\u20097:30\u202fPM', 'Tuesday: 8:30\u202fAM\u2009–\u20091:30\u202fPM, 2:30\u2009–\u20097:30\u202fPM', 'Wednesday: 8:30\u202fAM\u2009–\u20091:30\u202fPM, 2:30\u2009–\u20097:30\u202fPM', 'Thursday: 8:30\u202fAM\u2009–\u20091:30\u202fPM, 2:30\u2009–\u20097:30\u202fPM', 'Friday: 8:30\u202fAM\u2009–\u20091:30\u202fPM, 2:30\u2009–\u20097:30\u202fPM', 'Saturday: 9:00\u202fAM\u2009–\u20091:00\u202fPM, 1:30\u2009–\u20095:30\u202fPM', 'Sunday: 9:00\u202fAM\u2009–\u20091:00\u202fPM, 1:30\u2009–\u20094:30\u202fPM']}",,True,2025-12-28 08:48:10.731186,2025-12-25 02:25:34.965490
70,ChIJLwTzELt2XUARPKttDPLQ8ms,,ACCESS Plaza Family Health Center,"2533 W Cermak Rd, Chicago, IL 60608, USA",,,,(773) 523-0900,https://www.achn.net/locations/location-pages/access-plaza-family-health-center/?utm_source=google&utm_medium=website&utm_id=website+link,41.8507003,-87.6892013,,"['doctor', 'establishment', 'health', 'point_of_interest']",4.0,62.0,,,,,"{'open_now': False, 'periods': [{'close': {'day': 1, 'time': '1800'}, 'open': {'day': 1, 'time': '0730'}}, {'close': {'day': 2, 'time': '2000'}, 'open': {'day': 2, 'time': '0730'}}, {'close': {'day': 3, 'time': '1800'}, 'open': {'day': 3, 'time': '0730'}}, {'close': {'day': 4, 'time': '2000'}, 'open': {'day': 4, 'time': '0730'}}, {'close': {'day': 5, 'time': '1800'}, 'open': {'day': 5, 'time': '0730'}}, {'close': {'day': 6, 'time': '1300'}, 'open': {'day': 6, 'time': '0830'}}], 'weekday_text': ['Monday: 7:30\u202fAM\u2009–\u20096:00\u202fPM', 'Tuesday: 7:30\u202fAM\u2009–\u20098:00\u202fPM', 'Wednesday: 7:30\u202fAM\u2009–\u20096:00\u202fPM', 'Thursday: 7:30\u202fAM\u2009–\u20098:00\u202fPM', 'Friday: 7:30\u202fAM\u2009–\u20096:00\u202fPM', 'Saturday: 8:30\u202fAM\u2009–\u20091:00\u202fPM', 'Sunday: Closed']}",,True,2025-12-25 03:46:30.856251,2025-12-25 03:03:29.490725
71,ChIJNyqEpkQtDogR0ZfocFxWSkY,,ACCESS Warren Family Health Center,"2409 W Warren Blvd, Chicago, IL 60612, USA",,,,(312) 733-4475,https://www.achn.net/locations/location-pages/access-warren-family-health-center/?utm_source=google&utm_medium=website&utm_id=website+link,41.8819263,-87.6868365,,"['doctor', 'establishment', 'health', 'point_of_interest']",4.5,71.0,,,,,"{'open_now': False, 'periods': [{'close': {'day': 1, 'time': '1700'}, 'open': {'day': 1, 'time': '0830'}}, {'close': {'day': 2, 'time': '1700'}, 'open': {'day': 2, 'time': '0830'}}, {'close': {'day': 3, 'time': '1700'}, 'open': {'day': 3, 'time': '0830'}}, {'close': {'day': 4, 'time': '1700'}, 'open': {'day': 4, 'time': '0830'}}, {'close': {'day': 5, 'time': '1700'}, 'open': {'day': 5, 'time': '0830'}}], 'weekday_text': ['Monday: 8:30\u202fAM\u2009–\u20095:00\u202fPM', 'Tuesday: 8:30\u202fAM\u2009–\u20095:00\u202fPM', 'Wednesday: 8:30\u202fAM\u2009–\u20095:00\u202fPM', 'Thursday: 8:30\u202fAM\u2009–\u20095:00\u202fPM', 'Friday: 8:30\u202fAM\u2009–\u20095:00\u202fPM', 'Saturday: Closed', 'Sunday: Closed']}",,True,2025-12-25 03:46:40.616093,2025-12-25 03:03:39.351420
72,ChIJU-KX3L7SD4gRh1bXGyi9m_4,,Physicians Immediate Care,"1702 N Milwaukee Ave, Chicago, IL 60647, USA",,,,(773) 770-4056,https://www.wellnow.com/urgent-care-centers/illinois/chicago/1702-n-milwaukee-ave-60647/?utm_source=googleplaces&utm_medium=lociqgoogleplaces&utm_content=listing,41.9121135,-87.6807218,,"['doctor', 'establishment', 'health', 'point_of_interest']",4.2,1080.0,,,,,"{'open_now': True, 'periods': [{'close': {'day': 0, 'time': '2000'}, 'open': {'day': 0, 'time': '0800'}}, {'close': {'day': 1, 'time': '2000'}, 'open': {'day': 1, 'time': '0800'}}, {'close': {'day': 2, 'time': '2000'}, 'open': {'day': 2, 'time': '0800'}}, {'close': {'day': 3, 'time': '2000'}, 'open': {'day': 3, 'time': '0800'}}, {'close': {'day': 4, 'time': '2000'}, 'open': {'day': 4, 'time': '0800'}}, {'close': {'day': 5, 'time': '2000'}, 'open': {'day': 5, 'time': '0800'}}, {'close': {'day': 6, 'time': '2000'}, 'open': {'day': 6, 'time': '0800'}}], 'weekday_text': ['Monday: 8:00\u202fAM\u2009–\u20098:00\u202fPM', 'Tuesday: 8:00\u202fAM\u2009–\u20098:00\u202fPM', 'Wednesday: 8:00\u202fAM\u2009–\u20098:00\u202fPM', 'Thursday: 8:00\u202fAM\u2009–\u20098:00\u202fPM', 'Friday: 8:00\u202fAM\u2009–\u20098:00\u202fPM', 'Saturday: 8:00\u202fAM\u2009–\u20098:00\u202fPM', 'Sunday: 8:00\u202fAM\u2009–\u20098:00\u202fPM']}",,True,2025-12-27 01:07:32.467960,2025-12-25 03:03:40.476944
73,ChIJoyVAgkAsDogRWt6nlSIDEIU,,People's Medical Center,"3201 S Wallace St, Chicago, IL 60616, USA",,,,(312) 326-3200,,41.8361275,-87.6411699,,"['establishment', 'health', 'point_of_interest']",4.1,20.0,,,,,"{'open_now': False, 'periods': [{'close': {'day': 1, 'time': '1730'}, 'open': {'day': 1, 'time': '0900'}}, {'close': {'day': 2, 'time': '1730'}, 'open': {'day': 2, 'time': '0900'}}, {'close': {'day': 3, 'time': '1730'}, 'open': {'day': 3, 'time': '0900'}}, {'close': {'day': 4, 'time': '1730'}, 'open': {'day': 4, 'time': '0900'}}, {'close': {'day': 5, 'time': '1730'}, 'open': {'day': 5, 'time': '0900'}}, {'close': {'day': 6, 'time': '1200'}, 'open': {'day': 6, 'time': '0900'}}], 'weekday_text': ['Monday: 9:00\u202fAM\u2009–\u20095:30\u202fPM', 'Tuesday: 9:00\u202fAM\u2009–\u20095:30\u202fPM', 'Wednesday: 9:00\u202fAM\u2009–\u20095:30\u202fPM', 'Thursday: 9:00\u202fAM\u2009–\u20095:30\u202fPM', 'Friday: 9:00\u202fAM\u2009–\u20095:30\u202fPM', 'Saturday: 9:00\u202fAM\u2009–\u200912:00\u202fPM', 'Sunday: Closed']}",,True,2025-12-25 03:03:49.809068,2025-12-25 03:03:49.809078
86,,LmLadcexMkHTRBv9fmlGOQ,"Robert J Sobel, MD",30 N Michigan Ave,Chicago,IL,60602,+13127260005,https://www.yelp.com/biz/robert-j-sobel-md-chicago?adjust_creative=bW9tF4xYi6np6FiGvjpZYA&utm_campaign=yelp_api_v3&utm_medium=api_v3_business_lookup&utm_source=bW9tF4xYi6np6FiGvjpZYA,41.88299,-87.62499,primary_care,"['Internal Medicine', 'Endocrinologists']",,,,4.4,20.0,,,,True,2025-12-25 05:05:17.753207,2025-12-25 03:06:10.785132
87,,76u1rj_p6daQDB7_jXKxlg,Loop Chiropractic & Sports Injury Center,105 W Madison St,Chicago,IL,60602,+13122369355,https://www.yelp.com/biz/loop-chiropractic-and-sports-injury-center-chicago-9?adjust_creative=bW9tF4xYi6np6FiGvjpZYA&utm_campaign=yelp_api_v3&utm_medium=api_v3_business_lookup&utm_source=bW9tF4xYi6np6FiGvjpZYA,41.8818291,-87.6312275,,"['Chiropractors', 'Massage Therapy', 'Sports Medicine']",,,,5.0,58.0,,,,True,2025-12-25 05:05:23.287245,2025-12-25 03:06:12.276206
67,ChIJEfQKQwzTD4gRjeH6idLmrVc,,Lurie Children’s Pediatrics - Lincoln Park,"467 W Deming Pl Suite 6000, Chicago, IL 60614, USA",,,,(800) 543-7356,https://www.luriechildrens.org/en/specialties-conditions/pediatricians/pediatrics-lincoln-park-program/?utm_source=gbp&utm_medium=organic&utm_campaign=467-w-deming_chicago_pediatrics,41.9287173,-87.6415788,,"['establishment', 'health', 'point_of_interest']",3.6,13.0,,,,,{},,True,2025-12-28 08:48:14.071984,2025-12-25 02:25:37.228728
68,ChIJ_-pNpqUsDogR7sX17flRClM,,Vasectomy Specialist Clinics of Chicago,"111 N Wabash Ave STE 1210, Chicago, IL 60602, USA",,,,(312) 473-7647,http://www.vasectomyspecialist.com/,41.8835178,-87.6258728,,"['establishment', 'health', 'point_of_interest']",5.0,31.0,,,,,{},,True,2025-12-28 08:48:15.744052,2025-12-25 02:25:38.374932
69,ChIJ118gm1MrDogRqwofH_EYFIc,,Vasectomy Clinics of Chicago,"505 N Lake Shore Dr, Chicago, IL 60611, USA",,,,(877) 877-4827,http://www.vasectomychicago.com/,41.8914317,-87.6122056,,"['establishment', 'health', 'point_of_interest']",4.1,9.0,,,,,{},,True,2025-12-28 08:48:17.413455,2025-12-25 02:25:39.503864
74,ChIJGYD89JksDogRF8tlQj2rvDA,,Physicians Immediate Care,"825 S State St, Chicago, IL 60605, USA",,,,(312) 566-9510,https://www.wellnow.com/urgent-care-centers/illinois/chicago/825-s-state-street-60605/?utm_source=googleplaces&utm_medium=lociqgoogleplaces&utm_content=listing,41.8710701,-87.6273212,,"['doctor', 'establishment', 'health', 'point_of_interest']",4.3,1034.0,,,,,"{'open_now': True, 'periods': [{'close': {'day': 0, 'time': '1400'}, 'open': {'day': 0, 'time': '0800'}}, {'close': {'day': 1, 'time': '2000'}, 'open': {'day': 1, 'time': '0800'}}, {'close': {'day': 2, 'time': '2000'}, 'open': {'day': 2, 'time': '0800'}}, {'close': {'day': 3, 'time': '2000'}, 'open': {'day': 3, 'time': '0800'}}, {'close': {'day': 4, 'time': '2000'}, 'open': {'day': 4, 'time': '0800'}}, {'close': {'day': 5, 'time': '2000'}, 'open': {'day': 5, 'time': '0800'}}, {'close': {'day': 6, 'time': '1400'}, 'open': {'day': 6, 'time': '0800'}}], 'weekday_text': ['Monday: 8:00\u202fAM\u2009–\u20098:00\u202fPM', 'Tuesday: 8:00\u202fAM\u2009–\u20098:00\u202fPM', 'Wednesday: 8:00\u202fAM\u2009–\u20098:00\u202fPM', 'Thursday: 8:00\u202fAM\u2009–\u20098:00\u202fPM', 'Friday: 8:00\u202fAM\u2009–\u20098:00\u202fPM', 'Saturday: 8:00\u202fAM\u2009–\u20092:00\u202fPM', 'Sunday: 8:00\u202fAM\u2009–\u20092:00\u202fPM']}",,True,2025-12-27 01:07:30.158362,2025-12-25 03:03:50.922278
75,ChIJLYd_yfEsDogRrJUCAbRkVc8,,UI Health Family Medicine Center at University Village,"722 W Maxwell St Rm 235, Chicago, IL 60607, USA",,,,(866) 600-2273,https://hospital.uillinois.edu/patients-and-visitors/locations-and-directions/ui-health-at-university-village/university-village-maxwell-clinic,41.865,-87.6458333,,"['establishment', 'health', 'point_of_interest']",2.5,114.0,,,,,"{'open_now': False, 'periods': [{'close': {'day': 1, 'time': '1700'}, 'open': {'day': 1, 'time': '0800'}}, {'close': {'day': 2, 'time': '1900'}, 'open': {'day': 2, 'time': '0800'}}, {'close': {'day': 3, 'time': '1700'}, 'open': {'day': 3, 'time': '0930'}}, {'close': {'day': 4, 'time': '2000'}, 'open': {'day': 4, 'time': '0800'}}, {'close': {'day': 5, 'time': '1700'}, 'open': {'day': 5, 'time': '0800'}}, {'close': {'day': 6, 'time': '1200'}, 'open': {'day': 6, 'time': '0830'}}], 'weekday_text': ['Monday: 8:00\u202fAM\u2009–\u20095:00\u202fPM', 'Tuesday: 8:00\u202fAM\u2009–\u20097:00\u202fPM', 'Wednesday: 9:30\u202fAM\u2009–\u20095:00\u202fPM', 'Thursday: 8:00\u202fAM\u2009–\u20098:00\u202fPM', 'Friday: 8:00\u202fAM\u2009–\u20095:00\u202fPM', 'Saturday: 8:30\u202fAM\u2009–\u200912:00\u202fPM', 'Sunday: Closed']}",,True,2025-12-27 01:07:50.515208,2025-12-25 03:03:54.231694
76,ChIJCYqefHjTD4gROuc6FDJMOPw,,Health Direction Medical Center,"1656 W Chicago Ave, Chicago, IL 60622, USA",,,,(773) 342-1090,http://hdmedicalcenter.com/,41.896277,-87.6694766,,"['establishment', 'health', 'point_of_interest']",4.2,57.0,,,,,"{'open_now': False, 'periods': [{'close': {'day': 1, 'time': '1700'}, 'open': {'day': 1, 'time': '0800'}}, {'close': {'day': 2, 'time': '1700'}, 'open': {'day': 2, 'time': '0800'}}, {'close': {'day': 3, 'time': '1700'}, 'open': {'day': 3, 'time': '0800'}}, {'close': {'day': 4, 'time': '1700'}, 'open': {'day': 4, 'time': '0800'}}, {'close': {'day': 5, 'time': '1700'}, 'open': {'day': 5, 'time': '0800'}}, {'close': {'day': 6, 'time': '1400'}, 'open': {'day': 6, 'time': '0800'}}], 'weekday_text': ['Monday: 8:00\u202fAM\u2009–\u20095:00\u202fPM', 'Tuesday: 8:00\u202fAM\u2009–\u20095:00\u202fPM', 'Wednesday: 8:00\u202fAM\u2009–\u20095:00\u202fPM', 'Thursday: 8:00\u202fAM\u2009–\u20095:00\u202fPM', 'Friday: 8:00\u202fAM\u2009–\u20095:00\u202fPM', 'Saturday: 8:00\u202fAM\u2009–\u20092:00\u202fPM', 'Sunday: Closed']}",,True,2025-12-25 03:03:59.824886,2025-12-25 03:03:59.824899
77,ChIJy3hgAhEtDogRPNSGxjqfrzw,,University Illinois Medical Center Pth,"1740 W Taylor St, Chicago, IL 60612, USA",,,,(312) 996-7312,http://hospital.uillinois.edu/,41.8696584,-87.6703649,,"['establishment', 'health', 'point_of_interest']",5.0,1.0,,,,,{},,True,2025-12-25 03:04:00.959544,2025-12-25 03:04:00.959555
78,ChIJUcJqJz0tDogR3qaNzFS5kBQ,,Union Health Service,"1634 W Polk St, Chicago, IL 60612, USA",,,,(312) 423-4200,https://www.unionhealth.org/UHS/main.aspx?tid=239,41.8720165,-87.6679072,,"['establishment', 'health', 'point_of_interest']",2.6,125.0,,,,,"{'open_now': False, 'periods': [{'close': {'day': 1, 'time': '1700'}, 'open': {'day': 1, 'time': '0830'}}, {'close': {'day': 2, 'time': '1700'}, 'open': {'day': 2, 'time': '0830'}}, {'close': {'day': 3, 'time': '1700'}, 'open': {'day': 3, 'time': '0830'}}, {'close': {'day': 4, 'time': '1700'}, 'open': {'day': 4, 'time': '0830'}}, {'close': {'day': 5, 'time': '1700'}, 'open': {'day': 5, 'time': '0830'}}], 'weekday_text': ['Monday: 8:30\u202fAM\u2009–\u20095:00\u202fPM', 'Tuesday: 8:30\u202fAM\u2009–\u20095:00\u202fPM', 'Wednesday: 8:30\u202fAM\u2009–\u20095:00\u202fPM', 'Thursday: 8:30\u202fAM\u2009–\u20095:00\u202fPM', 'Friday: 8:30\u202fAM\u2009–\u20095:00\u202fPM', 'Saturday: Closed', 'Sunday: Closed']}",,True,2025-12-25 03:04:02.079162,2025-12-25 03:04:02.079172
79,,jYdl3hODJBd1okUT_3jh-A,"Kevin E Hunt, MD",20 S Clark St,Chicago,IL,60603,+13129263627,https://www.yelp.com/biz/kevin-e-hunt-md-chicago-2?adjust_creative=bW9tF4xYi6np6FiGvjpZYA&utm_campaign=yelp_api_v3&utm_medium=api_v3_business_lookup&utm_source=bW9tF4xYi6np6FiGvjpZYA,41.8813038,-87.631169,primary_care,['Internal Medicine'],,,,4.7,27.0,,,,True,2025-12-25 05:04:51.869434,2025-12-25 03:05:44.429987
80,,Un-ieLUl8Nll72BHAbm_WQ,Northwestern Medicine Dermatology West Washington,111 W Washington St,Chicago,IL,60602,+13126958106,https://www.yelp.com/biz/northwestern-medicine-dermatology-west-washington-chicago?adjust_creative=bW9tF4xYi6np6FiGvjpZYA&utm_campaign=yelp_api_v3&utm_medium=api_v3_business_lookup&utm_source=bW9tF4xYi6np6FiGvjpZYA,41.8829912226807,-87.6314284090843,specialty,['Dermatologists'],,,,5.0,1.0,,,,True,2025-12-25 05:04:53.268054,2025-12-25 03:05:45.801891
81,,FePeNU3Wb4GR39jol6wyQw,Illinois Bone and Joint Institute,205 W Randolph,Chicago,IL,60606,+13129457343,https://www.yelp.com/biz/illinois-bone-and-joint-institute-chicago-7?adjust_creative=bW9tF4xYi6np6FiGvjpZYA&utm_campaign=yelp_api_v3&utm_medium=api_v3_business_lookup&utm_source=bW9tF4xYi6np6FiGvjpZYA,41.88407,-87.63417,primary_care,"['Orthopedists', 'Medical Centers']",,,,1.0,1.0,,,,True,2025-12-25 05:05:01.606934,2025-12-25 03:05:54.090662
82,,YWw3zIcKN0cLb48dKLcwhA,Pinnacle Counseling,25 E Washington St,Chicago,IL,60602,+13122989846,https://www.yelp.com/biz/pinnacle-counseling-chicago?adjust_creative=bW9tF4xYi6np6FiGvjpZYA&utm_campaign=yelp_api_v3&utm_medium=api_v3_business_lookup&utm_source=bW9tF4xYi6np6FiGvjpZYA,41.8831093887645,-87.6267552588695,,['Counseling & Mental Health'],,,,4.5,8.0,,,,True,2025-12-25 05:05:02.997999,2025-12-25 03:05:59.418576
83,,UsykUEYToOu2oVWw5ayTwA,Advanced Fertility of Chicago,20 W Kinzie St,Chicago,IL,60654,+18476621818,https://www.yelp.com/biz/advanced-fertility-of-chicago-chicago-2?adjust_creative=bW9tF4xYi6np6FiGvjpZYA&utm_campaign=yelp_api_v3&utm_medium=api_v3_business_lookup&utm_source=bW9tF4xYi6np6FiGvjpZYA,41.8893908524496,-87.6289413335294,,['Fertility'],,,,4.0,1.0,,,,True,2025-12-25 05:05:08.288829,2025-12-25 03:06:00.770570
84,,bYMz8lPhcxyKFpQiSElcww,IVme Wellness + Aesthetics,1347 N Wells,Chicago,IL,60610,+13123501822,https://www.yelp.com/biz/ivme-wellness-aesthetics-chicago-4?adjust_creative=bW9tF4xYi6np6FiGvjpZYA&utm_campaign=yelp_api_v3&utm_medium=api_v3_business_lookup&utm_source=bW9tF4xYi6np6FiGvjpZYA,41.9071,-87.63414,,"['IV Hydration', 'Weight Loss Centers', 'Laboratory Testing']",,,,4.6,98.0,,,,True,2025-12-25 05:05:10.984225,2025-12-25 03:06:04.791975
88,,lsHLB_yVsFsLNsZmo0CGag,Neurology Consultants,111 N Wabash Ave,Chicago,IL,60602,+13128634257,https://www.yelp.com/biz/neurology-consultants-chicago?adjust_creative=bW9tF4xYi6np6FiGvjpZYA&utm_campaign=yelp_api_v3&utm_medium=api_v3_business_lookup&utm_source=bW9tF4xYi6np6FiGvjpZYA,41.88357,-87.626,,['Neurologist'],,,,3.6,5.0,,,,True,2025-12-25 05:05:24.638784,2025-12-25 03:06:13.717497
89,,Jzt4-3tp0jOgpBcHoFzoaQ,CVS Pharmacy,1 S State St,Chicago,IL,60603,+13122792134,https://www.yelp.com/biz/cvs-pharmacy-chicago-80?adjust_creative=bW9tF4xYi6np6FiGvjpZYA&utm_campaign=yelp_api_v3&utm_medium=api_v3_business_lookup&utm_source=bW9tF4xYi6np6FiGvjpZYA,41.881950414338,-87.6274461335423,,"['Drugstores', 'Pharmacy', 'Convenience Stores']",,,,2.4,29.0,$$,,,True,2025-12-25 05:05:19.159135,2025-12-25 03:06:15.094275
90,,RdDVaos9aboumGIAe2PE2Q,"Daniel J Pohlman, MD",539 N Dearborn St,Chicago,IL,60654,+13125494400,https://www.yelp.com/biz/daniel-j-pohlman-md-chicago-2?adjust_creative=bW9tF4xYi6np6FiGvjpZYA&utm_campaign=yelp_api_v3&utm_medium=api_v3_business_lookup&utm_source=bW9tF4xYi6np6FiGvjpZYA,41.891846,-87.6294623,primary_care,['Internal Medicine'],,,,5.0,1.0,,,,True,2025-12-25 05:05:26.001279,2025-12-25 03:06:18.270471
91,,c-zschyUVYzTWj88sZI-9A,Mind Body Healing Center,77 W Washington,Chicago,IL,60602,+13122855287,https://www.yelp.com/biz/mind-body-healing-center-chicago-2?adjust_creative=bW9tF4xYi6np6FiGvjpZYA&utm_campaign=yelp_api_v3&utm_medium=api_v3_business_lookup&utm_source=bW9tF4xYi6np6FiGvjpZYA,41.882847,-87.63063,,"['Chiropractors', 'Acupuncture', 'Counseling & Mental Health']",,,,4.4,18.0,,,,True,2025-12-25 05:05:20.528170,2025-12-25 03:06:20.097670
92,,BKgMPM8bVdKMMAatF0MhUA,Caris Pregnancy Counseling and Resources,111 N Wabash Ave,Chicago,IL,60602,+13122295700,https://www.yelp.com/biz/caris-pregnancy-counseling-and-resources-chicago-2?adjust_creative=bW9tF4xYi6np6FiGvjpZYA&utm_campaign=yelp_api_v3&utm_medium=api_v3_business_lookup&utm_source=bW9tF4xYi6np6FiGvjpZYA,41.8834938370233,-87.6259479018524,,['Crisis Pregnancy Centers'],,,,4.2,5.0,,,,True,2025-12-25 05:05:27.386130,2025-12-25 03:06:21.503052
93,,CgVTsVSuhqexTHvYwWzSgg,"Michael W Glavin, LMFT",111 N Wabash Ave,Chicago,IL,60602,+13124700788,https://www.yelp.com/biz/michael-w-glavin-lmft-chicago-3?adjust_creative=bW9tF4xYi6np6FiGvjpZYA&utm_campaign=yelp_api_v3&utm_medium=api_v3_business_lookup&utm_source=bW9tF4xYi6np6FiGvjpZYA,41.8835897001278,-87.6260089950141,,['Counseling & Mental Health'],,,,5.0,10.0,,,,True,2025-12-25 05:05:31.240958,2025-12-25 03:06:24.144619
94,,dI08wWgZXUvMCQOiNxbfWg,"Evan Ng, M.D.",200 S Michigan Ave,Chicago,IL,60604,+13129223815,https://www.yelp.com/biz/evan-ng-m-d-chicago?adjust_creative=bW9tF4xYi6np6FiGvjpZYA&utm_campaign=yelp_api_v3&utm_medium=api_v3_business_lookup&utm_source=bW9tF4xYi6np6FiGvjpZYA,41.8793128,-87.6248906,primary_care,['Internal Medicine'],,,,4.9,21.0,,,,True,2025-12-25 05:05:32.701113,2025-12-25 03:06:25.547759
95,,ZYsfUGUDrV7TmHKq7NpRcQ,"Mukesh C Jain, MD",111 N Wabash Ave,Chicago,IL,60602,+13127269518,https://www.yelp.com/biz/mukesh-c-jain-md-chicago-3?adjust_creative=bW9tF4xYi6np6FiGvjpZYA&utm_campaign=yelp_api_v3&utm_medium=api_v3_business_lookup&utm_source=bW9tF4xYi6np6FiGvjpZYA,41.883464,-87.625732,,['Cardiologists'],,,,4.1,10.0,,,,True,2025-12-25 05:05:35.425965,2025-12-25 03:06:28.182353
96,,qsY_yWBTX9Xmu0mR2XrjAQ,Mindful TMS,25 E Washington St,Chicago,IL,60602,+13122161211,https://www.yelp.com/biz/mindful-tms-chicago?adjust_creative=bW9tF4xYi6np6FiGvjpZYA&utm_campaign=yelp_api_v3&utm_medium=api_v3_business_lookup&utm_source=bW9tF4xYi6np6FiGvjpZYA,41.8829204250753,-87.6264676443663,,['Counseling & Mental Health'],,,,5.0,1.0,,,,True,2025-12-25 05:05:36.770255,2025-12-25 03:06:29.642353
97,,MhWP8RC33OyVy5yM_MKlFQ,Lume Wellness,351 W Hubbard St,Chicago,IL,60654,+13122852004,https://www.yelp.com/biz/lume-wellness-chicago?adjust_creative=bW9tF4xYi6np6FiGvjpZYA&utm_campaign=yelp_api_v3&utm_medium=api_v3_business_lookup&utm_source=bW9tF4xYi6np6FiGvjpZYA,41.88969,-87.63757,,"['IV Hydration', 'Saunas', 'Undersea/Hyperbaric Medicine']",,,,4.8,63.0,,,,True,2025-12-25 05:05:38.216871,2025-12-25 03:06:33.799636
98,,X3HOHEOwLmp11W4El1mbOg,South Loop Immediate Care,1430 S Michigan Ave,Chicago,IL,60605,+13126633522,https://www.yelp.com/biz/south-loop-immediate-care-chicago?adjust_creative=bW9tF4xYi6np6FiGvjpZYA&utm_campaign=yelp_api_v3&utm_medium=api_v3_business_lookup&utm_source=bW9tF4xYi6np6FiGvjpZYA,41.863226,-87.624258,urgent_care,['Urgent Care'],,,,4.5,124.0,,,,True,2025-12-25 05:05:47.260599,2025-12-25 03:06:42.415702
100,,w4Zhs07XsnguR_qiAbIIlg,Michigan Avenue Internists,200 S Michigan Ave,Chicago,IL,60604,+13129223815,https://www.yelp.com/biz/michigan-avenue-internists-chicago?adjust_creative=bW9tF4xYi6np6FiGvjpZYA&utm_campaign=yelp_api_v3&utm_medium=api_v3_business_lookup&utm_source=bW9tF4xYi6np6FiGvjpZYA,41.879323,-87.624936,primary_care,"['Internal Medicine', 'Allergists']",,,,3.9,58.0,,,,True,2025-12-25 05:06:25.797017,2025-12-25 03:07:21.553392
101,,5iFib72VwKhK3Rt756d_xg,Full Spectrum Health,122 S Michigan Ave,Chicago,IL,60603,+18584559726,https://www.yelp.com/biz/full-spectrum-health-chicago?adjust_creative=bW9tF4xYi6np6FiGvjpZYA&utm_campaign=yelp_api_v3&utm_medium=api_v3_business_lookup&utm_source=bW9tF4xYi6np6FiGvjpZYA,41.8799743652344,-87.6249465942383,primary_care,['Medical Centers'],,,,3.0,2.0,,,,True,2025-12-25 05:06:35.425498,2025-12-25 03:07:31.355544
102,,rwQpZaecNAMVtz1jRcpdDQ,Northwestern Medicine Immediate Care South Loop,1135 S Delano Ct,Chicago,IL,60605,+13126942273,https://www.yelp.com/biz/northwestern-medicine-immediate-care-south-loop-chicago-3?adjust_creative=bW9tF4xYi6np6FiGvjpZYA&utm_campaign=yelp_api_v3&utm_medium=api_v3_business_lookup&utm_source=bW9tF4xYi6np6FiGvjpZYA,41.8682329,-87.6320553,primary_care,"['Family Practice', 'Nephrologists', 'Rheumatologists']",,,,3.3,14.0,,,,True,2025-12-25 05:06:43.763482,2025-12-25 03:07:40.014254
103,,fjYphrU4JX6nKWVekvo1YA,"Farah Khan, MD",30 S Michigan Ave,Chicago,IL,60603,+13129771185,https://www.yelp.com/biz/farah-khan-md-chicago?adjust_creative=bW9tF4xYi6np6FiGvjpZYA&utm_campaign=yelp_api_v3&utm_medium=api_v3_business_lookup&utm_source=bW9tF4xYi6np6FiGvjpZYA,41.881211925745,-87.6246741344854,primary_care,['Internal Medicine'],,,,3.0,28.0,,,,True,2025-12-25 05:06:45.122560,2025-12-25 03:07:41.387804
104,ChIJ1fzGhmEsDogRE2fMbUOV9gw,,China Square Clinic,"2142 S Archer Ave, Chicago, IL 60616, USA",,,,(312) 326-1400,https://www.thorek.org/locations/china-square-clinic,41.8538114,-87.6338551,,"['establishment', 'health', 'hospital', 'point_of_interest']",1.8,10.0,,,,,"{'open_now': False, 'periods': [{'close': {'day': 1, 'time': '1800'}, 'open': {'day': 1, 'time': '0900'}}, {'close': {'day': 2, 'time': '1700'}, 'open': {'day': 2, 'time': '0900'}}, {'close': {'day': 3, 'time': '1700'}, 'open': {'day': 3, 'time': '0900'}}, {'close': {'day': 4, 'time': '1700'}, 'open': {'day': 4, 'time': '0900'}}, {'close': {'day': 6, 'time': '1600'}, 'open': {'day': 5, 'time': '2100'}}], 'weekday_text': ['Monday: 9:00\u202fAM\u2009–\u20096:00\u202fPM', 'Tuesday: 9:00\u202fAM\u2009–\u20095:00\u202fPM', 'Wednesday: 9:00\u202fAM\u2009–\u20095:00\u202fPM', 'Thursday: 9:00\u202fAM\u2009–\u20095:00\u202fPM', 'Friday: 9:00\u202fPM\u2009–\u200912:00\u202fAM', 'Saturday: 12:00\u202fAM\u2009–\u20094:00\u202fPM', 'Sunday: Closed']}",,True,2025-12-27 01:07:47.138468,2025-12-25 03:46:05.971123
105,ChIJe_D53HQtDogR7sCPacHGCXI,,MinuteClinic at CVS,"741 W 31st St, Chicago, IL 60616, USA",,,,(866) 389-2727,https://www.cvs.com/minuteclinic/clinic-locator/il/chicago/8738.html?WT.mc_id=LS_mc_google_carenav_8738,41.8376549,-87.6453953,,"['establishment', 'health', 'point_of_interest']",3.6,39.0,,,,,"{'open_now': False, 'periods': [{'close': {'day': 0, 'time': '1300'}, 'open': {'day': 0, 'time': '0900'}}, {'close': {'day': 0, 'time': '1630'}, 'open': {'day': 0, 'time': '1330'}}, {'close': {'day': 1, 'time': '1330'}, 'open': {'day': 1, 'time': '0830'}}, {'close': {'day': 1, 'time': '1930'}, 'open': {'day': 1, 'time': '1430'}}, {'close': {'day': 2, 'time': '1330'}, 'open': {'day': 2, 'time': '0830'}}, {'close': {'day': 2, 'time': '1930'}, 'open': {'day': 2, 'time': '1430'}}, {'close': {'day': 5, 'time': '1330'}, 'open': {'day': 5, 'time': '0830'}}, {'close': {'day': 5, 'time': '1930'}, 'open': {'day': 5, 'time': '1430'}}, {'close': {'day': 6, 'time': '1300'}, 'open': {'day': 6, 'time': '0900'}}, {'close': {'day': 6, 'time': '1730'}, 'open': {'day': 6, 'time': '1330'}}], 'weekday_text': ['Monday: 8:30\u202fAM\u2009–\u20091:30\u202fPM, 2:30\u2009–\u20097:30\u202fPM', 'Tuesday: 8:30\u202fAM\u2009–\u20091:30\u202fPM, 2:30\u2009–\u20097:30\u202fPM', 'Wednesday: Closed', 'Thursday: Closed', 'Friday: 8:30\u202fAM\u2009–\u20091:30\u202fPM, 2:30\u2009–\u20097:30\u202fPM', 'Saturday: 9:00\u202fAM\u2009–\u20091:00\u202fPM, 1:30\u2009–\u20095:30\u202fPM', 'Sunday: 9:00\u202fAM\u2009–\u20091:00\u202fPM, 1:30\u2009–\u20094:30\u202fPM']}",,True,2025-12-25 04:31:55.211484,2025-12-25 04:31:55.211493
106,ChIJ8QJoC7YsDogR3lRWFZE0yFI,,MinuteClinic at CVS,"344 W Hubbard St, Chicago, IL 60654, USA",,,,(866) 389-2727,https://www.cvs.com/minuteclinic/clinic-locator/il/chicago/788.html?WT.mc_id=LS_mc_google_carenav_788,41.8902142,-87.6372579,,"['establishment', 'health', 'point_of_interest']",3.0,26.0,,,,,"{'open_now': False, 'periods': [{'close': {'day': 0, 'time': '1300'}, 'open': {'day': 0, 'time': '0800'}}, {'close': {'day': 0, 'time': '1530'}, 'open': {'day': 0, 'time': '1330'}}, {'close': {'day': 1, 'time': '1330'}, 'open': {'day': 1, 'time': '0800'}}, {'close': {'day': 1, 'time': '1900'}, 'open': {'day': 1, 'time': '1430'}}, {'close': {'day': 2, 'time': '1330'}, 'open': {'day': 2, 'time': '0800'}}, {'close': {'day': 2, 'time': '1900'}, 'open': {'day': 2, 'time': '1430'}}, {'close': {'day': 5, 'time': '1330'}, 'open': {'day': 5, 'time': '0800'}}, {'close': {'day': 5, 'time': '1900'}, 'open': {'day': 5, 'time': '1430'}}, {'close': {'day': 6, 'time': '1300'}, 'open': {'day': 6, 'time': '0800'}}, {'close': {'day': 6, 'time': '1630'}, 'open': {'day': 6, 'time': '1330'}}], 'weekday_text': ['Monday: 8:00\u202fAM\u2009–\u20091:30\u202fPM, 2:30\u2009–\u20097:00\u202fPM', 'Tuesday: 8:00\u202fAM\u2009–\u20091:30\u202fPM, 2:30\u2009–\u20097:00\u202fPM', 'Wednesday: Closed', 'Thursday: Closed', 'Friday: 8:00\u202fAM\u2009–\u20091:30\u202fPM, 2:30\u2009–\u20097:00\u202fPM', 'Saturday: 8:00\u202fAM\u2009–\u20091:00\u202fPM, 1:30\u2009–\u20094:30\u202fPM', 'Sunday: 8:00\u202fAM\u2009–\u20091:00\u202fPM, 1:30\u2009–\u20093:30\u202fPM']}",,True,2025-12-25 04:31:57.415283,2025-12-25 04:31:57.415291
107,ChIJW6C3nREtDogRKEji7qJ9jcE,,Primary Care Plus,"1801 W Taylor St, Chicago, IL 60612, USA",,,,(312) 413-3627,https://www.uic.edu/apps/departments-az/search?dispatch=find&orgid=97547,41.8687137,-87.6720695,,"['establishment', 'health', 'point_of_interest']",5.0,2.0,,,,,{},,True,2025-12-25 04:31:58.526570,2025-12-25 04:31:58.526576
108,ChIJNej36I7SD4gRPPrwaZml4Po,,MinuteClinic,"2656 N Elston Ave, Chicago, IL 60647, USA",,,,(866) 389-2727,https://www.cvs.com/minuteclinic/clinic-locator/il/chicago/16361.html?WT.mc_id=LS_mc_google_carenav_16361,41.928476,-87.6850778,,"['establishment', 'health', 'point_of_interest']",3.1,37.0,,,,,"{'open_now': False, 'periods': [{'close': {'day': 0, 'time': '1330'}, 'open': {'day': 0, 'time': '0900'}}, {'close': {'day': 0, 'time': '1600'}, 'open': {'day': 0, 'time': '1400'}}, {'close': {'day': 1, 'time': '1330'}, 'open': {'day': 1, 'time': '0900'}}, {'close': {'day': 1, 'time': '1930'}, 'open': {'day': 1, 'time': '1400'}}, {'close': {'day': 2, 'time': '1330'}, 'open': {'day': 2, 'time': '0900'}}, {'close': {'day': 2, 'time': '1930'}, 'open': {'day': 2, 'time': '1400'}}, {'close': {'day': 5, 'time': '1330'}, 'open': {'day': 5, 'time': '0900'}}, {'close': {'day': 5, 'time': '1930'}, 'open': {'day': 5, 'time': '1400'}}, {'close': {'day': 6, 'time': '1330'}, 'open': {'day': 6, 'time': '0900'}}, {'close': {'day': 6, 'time': '1600'}, 'open': {'day': 6, 'time': '1400'}}], 'weekday_text': ['Monday: 9:00\u202fAM\u2009–\u20091:30\u202fPM, 2:00\u2009–\u20097:30\u202fPM', 'Tuesday: 9:00\u202fAM\u2009–\u20091:30\u202fPM, 2:00\u2009–\u20097:30\u202fPM', 'Wednesday: Closed', 'Thursday: Closed', 'Friday: 9:00\u202fAM\u2009–\u20091:30\u202fPM, 2:00\u2009–\u20097:30\u202fPM', 'Saturday: 9:00\u202fAM\u2009–\u20091:30\u202fPM, 2:00\u2009–\u20094:00\u202fPM', 'Sunday: 9:00\u202fAM\u2009–\u20091:30\u202fPM, 2:00\u2009–\u20094:00\u202fPM']}",,True,2025-12-25 04:31:59.632202,2025-12-25 04:31:59.632207
109,ChIJz6FUvzDTD4gRCvjdy6c8e88,,MinuteClinic,"1200 N Larrabee St, Chicago, IL 60610, USA",,,,(866) 389-2727,https://www.cvs.com/minuteclinic/clinic-locator/il/chicago/17591.html?WT.mc_id=LS_mc_google_carenav_17591,41.9043994,-87.6440848,,"['establishment', 'health', 'point_of_interest']",4.5,14.0,,,,,"{'open_now': False, 'periods': [{'close': {'day': 1, 'time': '1330'}, 'open': {'day': 1, 'time': '0900'}}, {'close': {'day': 1, 'time': '1930'}, 'open': {'day': 1, 'time': '1400'}}, {'close': {'day': 2, 'time': '1330'}, 'open': {'day': 2, 'time': '0900'}}, {'close': {'day': 2, 'time': '1930'}, 'open': {'day': 2, 'time': '1400'}}, {'close': {'day': 5, 'time': '1330'}, 'open': {'day': 5, 'time': '0900'}}, {'close': {'day': 5, 'time': '1930'}, 'open': {'day': 5, 'time': '1400'}}], 'weekday_text': ['Monday: 9:00\u202fAM\u2009–\u20091:30\u202fPM, 2:00\u2009–\u20097:30\u202fPM', 'Tuesday: 9:00\u202fAM\u2009–\u20091:30\u202fPM, 2:00\u2009–\u20097:30\u202fPM', 'Wednesday: Closed', 'Thursday: Closed', 'Friday: 9:00\u202fAM\u2009–\u20091:30\u202fPM, 2:00\u2009–\u20097:30\u202fPM', 'Saturday: Closed', 'Sunday: Closed']}",,True,2025-12-25 04:32:00.742986,2025-12-25 04:32:00.742994
110,ChIJ_6_zxVTTD4gREQwjtOuOlhA,,Northwestern Medicine Preoperative Clinic,"233 E Superior St, Chicago, IL 60611, USA",,,,(312) 926-4343,http://preop.nm.org/locations-hours-and-appointments.html,41.8955995,-87.6211716,,"['establishment', 'health', 'point_of_interest']",3.0,2.0,,,,,{},,True,2025-12-25 04:32:04.055786,2025-12-25 04:32:04.055799
111,ChIJEcn5Xa8sDogRoUUjNWjaoRk,,New Life Clinic of Chicago,"180 Michigan Ave, Chicago, IL 60601, USA",,,,(312) 332-4269,,41.8855196,-87.6249764,,"['establishment', 'health', 'point_of_interest']",,,,,,,{},,True,2025-12-25 04:32:06.247518,2025-12-25 04:32:06.247528
112,ChIJo_y8dBEtDogRujpW_faZrqA,,University-Il Clinics,"1801 W Taylor St, Chicago, IL 60612, USA",,,,(312) 996-7714,http://www.uic.edu/,41.8687969,-87.6718398,,"['establishment', 'health', 'hospital', 'point_of_interest']",,,,,,,{},,True,2025-12-25 04:32:09.516371,2025-12-25 04:32:09.516382
113,ChIJ9aJK_fosDogRuUbgeFsn9_M,,Chicago General Health Services,"1351 S Morgan St, Chicago, IL 60608, USA",,,,(312) 733-6940,,41.864057,-87.6506388,,"['establishment', 'health', 'point_of_interest']",,,,,,,{},,True,2025-12-25 04:32:12.793465,2025-12-25 04:32:12.793474
114,ChIJ0SOhshUtDogRKJsh_7lP68U,,Cook County Health Specialty Care Center,"1901 W Harrison St, Chicago, IL 60612, USA",,,,(312) 864-0200,https://cookcountyhealth.org/locations/specialty-care-center/?utm_source=GMBSocialClimb&utm_medium=CookCountyHealthSpecialtyCareHealthCenter,41.8737108,-87.6744762,,"['establishment', 'health', 'point_of_interest']",5.0,2.0,,,,,{},,True,2025-12-25 04:32:13.919660,2025-12-25 04:32:13.919670
115,ChIJBVHA7kPTD4gR7yyMOHJIxIE,,Physicians Immediate Care,"121 W North Ave, Chicago, IL 60610, USA",,,,(312) 643-5606,https://www.wellnow.com/urgent-care-centers/illinois/chicago/121-w-north-avenue-60610/?utm_source=googleplaces&utm_medium=lociqgoogleplaces&utm_content=listing,41.9109531,-87.6326353,,"['doctor', 'establishment', 'health', 'point_of_interest']",4.5,688.0,,,,,"{'open_now': True, 'periods': [{'close': {'day': 0, 'time': '2000'}, 'open': {'day': 0, 'time': '0800'}}, {'close': {'day': 1, 'time': '2000'}, 'open': {'day': 1, 'time': '0800'}}, {'close': {'day': 2, 'time': '2000'}, 'open': {'day': 2, 'time': '0800'}}, {'close': {'day': 3, 'time': '2000'}, 'open': {'day': 3, 'time': '0800'}}, {'close': {'day': 4, 'time': '2000'}, 'open': {'day': 4, 'time': '0800'}}, {'close': {'day': 5, 'time': '2000'}, 'open': {'day': 5, 'time': '0800'}}, {'close': {'day': 6, 'time': '2000'}, 'open': {'day': 6, 'time': '0800'}}], 'weekday_text': ['Monday: 8:00\u202fAM\u2009–\u20098:00\u202fPM', 'Tuesday: 8:00\u202fAM\u2009–\u20098:00\u202fPM', 'Wednesday: 8:00\u202fAM\u2009–\u20098:00\u202fPM', 'Thursday: 8:00\u202fAM\u2009–\u20098:00\u202fPM', 'Friday: 8:00\u202fAM\u2009–\u20098:00\u202fPM', 'Saturday: 8:00\u202fAM\u2009–\u20098:00\u202fPM', 'Sunday: 8:00\u202fAM\u2009–\u20098:00\u202fPM']}",,True,2025-12-27 01:07:48.263902,2025-12-27 01:07:48.263908
116,,GAmGL9egqRNEtx7k5A1OtA,Sage Therapy ,155 N Michigan Ave,Chicago,IL,60601,+13128197381,https://www.yelp.com/biz/sage-therapy-chicago?adjust_creative=bW9tF4xYi6np6FiGvjpZYA&utm_campaign=yelp_api_v3&utm_medium=api_v3_business_lookup&utm_source=bW9tF4xYi6np6FiGvjpZYA,41.8851703582419,-87.6242066171893,,"['Counseling & Mental Health', 'c_and_mh']",,,,4.0,4.0,,,,True,2025-12-27 01:09:03.620505,2025-12-27 01:09:03.620515
50,ChIJkbi4AhEtDogRUPRqo6aOyOg,,UIC Clinic Building,"1801 W Taylor St, Chicago, IL 60612, USA",,,,(866) 600-2273,http://hospital.uillinois.edu/,41.8690175,-87.6718209,,"['establishment', 'health', 'point_of_interest']",2.6,28.0,,,,,"{'open_now': True, 'periods': [{'open': {'day': 0, 'time': '0000'}}], 'weekday_text': ['Monday: Open 24 hours', 'Tuesday: Open 24 hours', 'Wednesday: Open 24 hours', 'Thursday: Open 24 hours', 'Friday: Open 24 hours', 'Saturday: Open 24 hours', 'Sunday: Open 24 hours']}",,True,2025-12-28 08:47:45.524108,2025-12-25 02:25:17.788576
51,ChIJH6xCPEvTD4gRWooKEO9N-kk,,Midwest Express Clinic Urgent Care,"219 W Chicago Ave, Chicago, IL 60654, USA",,,,(312) 878-1945,https://midwestexpressclinic.com/locations/river-north-chicago-il-urgent-care/,41.8964729,-87.6350393,,"['doctor', 'establishment', 'health', 'point_of_interest']",4.7,1290.0,,,,,"{'open_now': False, 'periods': [{'close': {'day': 0, 'time': '1800'}, 'open': {'day': 0, 'time': '0800'}}, {'close': {'day': 1, 'time': '2000'}, 'open': {'day': 1, 'time': '0800'}}, {'close': {'day': 2, 'time': '2000'}, 'open': {'day': 2, 'time': '0800'}}, {'close': {'day': 3, 'time': '2000'}, 'open': {'day': 3, 'time': '0800'}}, {'close': {'day': 4, 'time': '2000'}, 'open': {'day': 4, 'time': '0800'}}, {'close': {'day': 5, 'time': '2000'}, 'open': {'day': 5, 'time': '0800'}}, {'close': {'day': 6, 'time': '1800'}, 'open': {'day': 6, 'time': '0800'}}], 'weekday_text': ['Monday: 8:00\u202fAM\u2009–\u20098:00\u202fPM', 'Tuesday: 8:00\u202fAM\u2009–\u20098:00\u202fPM', 'Wednesday: 8:00\u202fAM\u2009–\u20098:00\u202fPM', 'Thursday: 8:00\u202fAM\u2009–\u20098:00\u202fPM', 'Friday: 8:00\u202fAM\u2009–\u20098:00\u202fPM', 'Saturday: 8:00\u202fAM\u2009–\u20096:00\u202fPM', 'Sunday: 8:00\u202fAM\u2009–\u20096:00\u202fPM']}",,True,2025-12-28 08:47:47.267175,2025-12-25 02:25:18.952152
52,ChIJ_ZoTJxjTD4gRyBqWKvFD97s,,One Medical Primary Care Clinic - Lincoln Park,"1931 N Halsted St, Chicago, IL 60614, USA",,,,(888) 663-6331,https://onemedical.com/locations/chi/lincolnpark?y_source=1_MTA1Mzk0OTMzNy03MTUtbG9jYXRpb24ud2Vic2l0ZQ%3D%3D,41.917144,-87.64824,,"['establishment', 'health', 'point_of_interest']",4.6,65.0,,,,,"{'open_now': False, 'periods': [{'close': {'day': 1, 'time': '1700'}, 'open': {'day': 1, 'time': '0800'}}, {'close': {'day': 2, 'time': '1700'}, 'open': {'day': 2, 'time': '0800'}}, {'close': {'day': 3, 'time': '1600'}, 'open': {'day': 3, 'time': '0800'}}, {'close': {'day': 4, 'time': '1700'}, 'open': {'day': 4, 'time': '0800'}}, {'close': {'day': 5, 'time': '1700'}, 'open': {'day': 5, 'time': '0800'}}], 'weekday_text': ['Monday: 8:00\u202fAM\u2009–\u20095:00\u202fPM', 'Tuesday: 8:00\u202fAM\u2009–\u20095:00\u202fPM', 'Wednesday: 8:00\u202fAM\u2009–\u20094:00\u202fPM', 'Thursday: 8:00\u202fAM\u2009–\u20095:00\u202fPM', 'Friday: 8:00\u202fAM\u2009–\u20095:00\u202fPM', 'Saturday: Closed', 'Sunday: Closed']}",,True,2025-12-28 08:47:48.966934,2025-12-25 02:25:20.123450
53,ChIJ-dWC1tHSD4gROQgRpoyPSn0,,Aayu Clinics,"1601 W Division St, Chicago, IL 60622, USA",,,,(773) 227-3669,https://aayuclinics.com/?utm_source=google&utm_medium=organic&utm_campaign=gmb&utm_term=aayu+clinics+wicker+park&utm_content=website+button,41.9031704,-87.6677157,,"['doctor', 'establishment', 'health', 'point_of_interest']",4.3,659.0,,,,,"{'open_now': False, 'periods': [{'close': {'day': 0, 'time': '1700'}, 'open': {'day': 0, 'time': '0900'}}, {'close': {'day': 1, 'time': '1900'}, 'open': {'day': 1, 'time': '0800'}}, {'close': {'day': 2, 'time': '1900'}, 'open': {'day': 2, 'time': '0800'}}, {'close': {'day': 3, 'time': '1900'}, 'open': {'day': 3, 'time': '0800'}}, {'close': {'day': 4, 'time': '1900'}, 'open': {'day': 4, 'time': '0800'}}, {'close': {'day': 5, 'time': '1900'}, 'open': {'day': 5, 'time': '0800'}}, {'close': {'day': 6, 'time': '1700'}, 'open': {'day': 6, 'time': '0800'}}], 'weekday_text': ['Monday: 8:00\u202fAM\u2009–\u20097:00\u202fPM', 'Tuesday: 8:00\u202fAM\u2009–\u20097:00\u202fPM', 'Wednesday: 8:00\u202fAM\u2009–\u20097:00\u202fPM', 'Thursday: 8:00\u202fAM\u2009–\u20097:00\u202fPM', 'Friday: 8:00\u202fAM\u2009–\u20097:00\u202fPM', 'Saturday: 8:00\u202fAM\u2009–\u20095:00\u202fPM', 'Sunday: 9:00\u202fAM\u2009–\u20095:00\u202fPM']}",,True,2025-12-28 08:47:50.653806,2025-12-25 02:25:21.276698
59,ChIJLfMv0s0tDogRmyUtaRGOqlI,,CLEAR Immediate Care,"1605 S Michigan Ave, Chicago, IL 60616, USA",,,,(312) 535-5770,https://clearwellnessgroup.com/,41.8600681,-87.6237943,,"['doctor', 'establishment', 'health', 'point_of_interest']",4.7,3145.0,,,,,"{'open_now': False, 'periods': [{'close': {'day': 0, 'time': '2000'}, 'open': {'day': 0, 'time': '0800'}}, {'close': {'day': 1, 'time': '2000'}, 'open': {'day': 1, 'time': '0800'}}, {'close': {'day': 2, 'time': '2000'}, 'open': {'day': 2, 'time': '0800'}}, {'close': {'day': 3, 'time': '2000'}, 'open': {'day': 3, 'time': '0800'}}, {'close': {'day': 4, 'time': '2000'}, 'open': {'day': 4, 'time': '0800'}}, {'close': {'day': 5, 'time': '2000'}, 'open': {'day': 5, 'time': '0800'}}, {'close': {'day': 6, 'time': '2000'}, 'open': {'day': 6, 'time': '0800'}}], 'weekday_text': ['Monday: 8:00\u202fAM\u2009–\u20098:00\u202fPM', 'Tuesday: 8:00\u202fAM\u2009–\u20098:00\u202fPM', 'Wednesday: 8:00\u202fAM\u2009–\u20098:00\u202fPM', 'Thursday: 8:00\u202fAM\u2009–\u20098:00\u202fPM', 'Friday: 8:00\u202fAM\u2009–\u20098:00\u202fPM', 'Saturday: 8:00\u202fAM\u2009–\u20098:00\u202fPM', 'Sunday: 8:00\u202fAM\u2009–\u20098:00\u202fPM']}",,True,2025-12-28 08:48:00.693593,2025-12-25 02:25:28.111292
66,ChIJi9P53TItDogRA9VOeU2WvC8,,Erie West Town Health Center,"1701 W Superior St, Chicago, IL 60622, USA",,,,(312) 666-3494,http://www.eriefamilyhealth.org/,41.8950061,-87.669841,,"['establishment', 'health', 'point_of_interest']",3.3,125.0,,,,,"{'open_now': False, 'periods': [{'close': {'day': 1, 'time': '1730'}, 'open': {'day': 1, 'time': '0830'}}, {'close': {'day': 2, 'time': '1730'}, 'open': {'day': 2, 'time': '0830'}}, {'close': {'day': 3, 'time': '1900'}, 'open': {'day': 3, 'time': '1000'}}, {'close': {'day': 4, 'time': '1730'}, 'open': {'day': 4, 'time': '0830'}}, {'close': {'day': 5, 'time': '1730'}, 'open': {'day': 5, 'time': '0830'}}], 'weekday_text': ['Monday: 8:30\u202fAM\u2009–\u20095:30\u202fPM', 'Tuesday: 8:30\u202fAM\u2009–\u20095:30\u202fPM', 'Wednesday: 10:00\u202fAM\u2009–\u20097:00\u202fPM', 'Thursday: 8:30\u202fAM\u2009–\u20095:30\u202fPM', 'Friday: 8:30\u202fAM\u2009–\u20095:30\u202fPM', 'Saturday: Closed', 'Sunday: Closed']}",,True,2025-12-28 08:48:12.402366,2025-12-25 02:25:36.099724
1,,Nq7YbO-1nLth0f0zUPil7g,Michigan Avenue Immediate Care,180 N Michigan Ave,Chicago,IL,60601,+13122011234,https://www.yelp.com/biz/michigan-avenue-immediate-care-chicago?adjust_creative=bW9tF4xYi6np6FiGvjpZYA&utm_campaign=yelp_api_v3&utm_medium=api_v3_business_lookup&utm_source=bW9tF4xYi6np6FiGvjpZYA,41.8855216,-87.6249357609035,primary_care,['Walk-in Clinics'],,,,4.1,238.0,,,,True,2025-12-28 08:48:21.397633,2025-12-25 02:14:06.540628
21,,teQUeusTJZGLiekbpYfX-g,One Medical Primary Care Clinic - The Loop,230 W Monroe St,Chicago,IL,60606,+18338235560,https://www.yelp.com/biz/one-medical-chicago-8?adjust_creative=bW9tF4xYi6np6FiGvjpZYA&utm_campaign=yelp_api_v3&utm_medium=api_v3_business_lookup&utm_source=bW9tF4xYi6np6FiGvjpZYA,41.8810766879621,-87.6348708000001,primary_care,"['Family Practice', 'Concierge Medicine']",,,,4.0,86.0,,,,True,2025-12-28 08:48:52.401815,2025-12-25 02:14:34.695429
99,,8BwQJEuZkudEQVJju3rDFA,Ami Desai,200 S Michigan Ave,Chicago,IL,60604,+13129223815,https://www.yelp.com/biz/ami-desai-chicago?adjust_creative=bW9tF4xYi6np6FiGvjpZYA&utm_campaign=yelp_api_v3&utm_medium=api_v3_business_lookup&utm_source=bW9tF4xYi6np6FiGvjpZYA,41.879306,-87.624916,primary_care,['Internal Medicine'],,,,4.6,26.0,,,,True,2025-12-28 08:49:42.947790,2025-12-25 03:07:18.780782
