id,name,address,city,state,zip_code,phone,website,latitude,longitude,clinic_type,google_place_id,google_rating,google_review_count,yelp_business_id,yelp_rating,yelp_review_count,is_active,last_updated,created_at,combined_rating,total_review_count,data_source
1,Michigan Avenue Immediate Care,180 N Michigan Ave,Chicago,IL,60601,+13122011234,https://www.yelp.com/biz/michigan-avenue-immediate-care-chicago?adjust_creative=bW9tF4xYi6np6FiGvjpZYA&utm_campaign=yelp_api_v3&utm_medium=api_v3_business_lookup&utm_source=bW9tF4xYi6np6FiGvjpZYA,41.8855216,-87.62493576090347,primary_care,,,,Nq7YbO-1nLth0f0zUPil7g,4.1,238,1,2026-01-09 05:49:12.891866,2025-12-25 02:14:06.540628,4.1,238,Yelp Only
2,MinuteClinic,137 S State St,Chicago,IL,60603,+13126091215,https://www.yelp.com/biz/minuteclinic-chicago-12?adjust_creative=bW9tF4xYi6np6FiGvjpZYA&utm_campaign=yelp_api_v3&utm_medium=api_v3_business_lookup&utm_source=bW9tF4xYi6np6FiGvjpZYA,41.879705681460266,-87.62725871165662,urgent_care,,,,J_Bj4er_CiQPZ3hd4b-CHQ,3.0,47,1,2026-01-09 05:49:14.264929,2025-12-25 02:14:08.027444,3.0,47,Yelp Only
3,Michigan Avenue Primary Care,180 N Michigan Ave,Chicago,IL,60601,+13129943000,https://www.yelp.com/biz/michigan-avenue-primary-care-chicago?adjust_creative=bW9tF4xYi6np6FiGvjpZYA&utm_campaign=yelp_api_v3&utm_medium=api_v3_business_lookup&utm_source=bW9tF4xYi6np6FiGvjpZYA,41.8855114,-87.6248706,primary_care,,,,YLh7-5iri6hiTr5awunDNg,2.9,94,1,2026-01-09 05:49:15.700098,2025-12-25 02:14:09.431827,2.9,94,Yelp Only
4,Northwestern Memorial Physicians Group,20 S Clark St,Chicago,IL,60603,+13129263627,https://www.yelp.com/biz/northwestern-memorial-physicians-group-chicago-8?adjust_creative=bW9tF4xYi6np6FiGvjpZYA&utm_campaign=yelp_api_v3&utm_medium=api_v3_business_lookup&utm_source=bW9tF4xYi6np6FiGvjpZYA,41.88129,-87.63122,primary_care,,,,xnsm8fBkLebZexWWfWdgtw,3.7,48,1,2026-01-09 05:49:18.589031,2025-12-25 02:14:10.831190,3.7,48,Yelp Only
5,Northwestern Medicine Immediate Care - Streeterville,635 N Fairbanks Ct,Chicago,IL,60611,+13126942273,https://www.yelp.com/biz/northwestern-medicine-immediate-care-streeterville-chicago?adjust_creative=bW9tF4xYi6np6FiGvjpZYA&utm_campaign=yelp_api_v3&utm_medium=api_v3_business_lookup&utm_source=bW9tF4xYi6np6FiGvjpZYA,41.89379553723887,-87.619992043911,urgent_care,,,,gF68M-OaTDfiLJNbchp-kA,2.8,19,1,2026-01-09 05:49:19.975612,2025-12-25 02:14:12.200403,2.8,19,Yelp Only
6,Passport Health - Downtown Chicago Travel Clinic,111 W Washington St,Chicago,IL,60602,+13126416228,https://www.yelp.com/biz/passport-health-downtown-chicago-travel-clinic-chicago-2?adjust_creative=bW9tF4xYi6np6FiGvjpZYA&utm_campaign=yelp_api_v3&utm_medium=api_v3_business_lookup&utm_source=bW9tF4xYi6np6FiGvjpZYA,41.8830278,-87.624905,primary_care,,,,ec_GD1sUuqA4teHBic7vEA,4.2,79,1,2026-01-09 05:49:21.333809,2025-12-25 02:14:13.786869,4.2,79,Yelp Only
7,Shirley Ryan AbilityLab,355 East Erie St,Chicago,IL,60611,+13122381000,https://www.yelp.com/biz/shirley-ryan-abilitylab-chicago?adjust_creative=bW9tF4xYi6np6FiGvjpZYA&utm_campaign=yelp_api_v3&utm_medium=api_v3_business_lookup&utm_source=bW9tF4xYi6np6FiGvjpZYA,41.89392943762908,-87.61840212654626,primary_care,,,,_3sMdNrgyJNoPl5-aCeKOw,2.8,143,1,2026-01-09 05:49:31.112446,2025-12-25 02:14:15.149696,2.8,143,Yelp Only
8,Chicago Express Doctors,520 N Kingsbury St,Chicago,IL,60611,+13129294492,https://www.yelp.com/biz/chicago-express-doctors-chicago?adjust_creative=bW9tF4xYi6np6FiGvjpZYA&utm_campaign=yelp_api_v3&utm_medium=api_v3_business_lookup&utm_source=bW9tF4xYi6np6FiGvjpZYA,41.8909068,-87.6401544,urgent_care,,,,l5zuhgt5hNUuvsQSqQUuYA,4.2,72,1,2026-01-09 05:49:22.686789,2025-12-25 02:14:16.550518,4.2,72,Yelp Only
9,Northwestern Medicine Immediate Care River North,635 N Dearborn St,Chicago,IL,60611,+13126942273,https://www.yelp.com/biz/northwestern-medicine-immediate-care-river-north-chicago?adjust_creative=bW9tF4xYi6np6FiGvjpZYA&utm_campaign=yelp_api_v3&utm_medium=api_v3_business_lookup&utm_source=bW9tF4xYi6np6FiGvjpZYA,41.893524,-87.629361,urgent_care,,,,gDR9wf6ER_xl-pGrcsD9VA,3.0,104,1,2026-01-09 05:49:28.248170,2025-12-25 02:14:17.960658,3.0,104,Yelp Only
10,Physicians Immediate Care,825 S State St,Chicago,IL,60605,+13125669510,https://www.yelp.com/biz/physicians-immediate-care-chicago-13?adjust_creative=bW9tF4xYi6np6FiGvjpZYA&utm_campaign=yelp_api_v3&utm_medium=api_v3_business_lookup&utm_source=bW9tF4xYi6np6FiGvjpZYA,41.8710796,-87.62726,urgent_care,,,,o_OOT4mq5BIoiYk5XThsNA,2.9,117,1,2026-01-09 05:49:25.501251,2025-12-25 02:14:19.350164,2.9,117,Yelp Only
11,Northwestern Medicine Lavin Family Pavilion,259 E Erie St,Chicago,IL,60611,+13129266000,https://www.yelp.com/biz/northwestern-medicine-lavin-family-pavilion-chicago-3?adjust_creative=bW9tF4xYi6np6FiGvjpZYA&utm_campaign=yelp_api_v3&utm_medium=api_v3_business_lookup&utm_source=bW9tF4xYi6np6FiGvjpZYA,41.893880080994,-87.62066103601,primary_care,,,,brZ5Mh0CLVAfHAXm_CYH6A,3.6,5,1,2026-01-09 05:49:53.034514,2025-12-25 02:14:20.708807,3.6,5,Yelp Only
12,Midwest Express Clinic,779 W Adams St,Chicago,IL,60661,+13123828308,https://www.yelp.com/biz/midwest-express-clinic-chicago-3?adjust_creative=bW9tF4xYi6np6FiGvjpZYA&utm_campaign=yelp_api_v3&utm_medium=api_v3_business_lookup&utm_source=bW9tF4xYi6np6FiGvjpZYA,41.879086,-87.64704,urgent_care,,,,Js2jFMf7LBYLMhuh1RQMRA,1.7,38,1,2026-01-09 05:49:24.053660,2025-12-25 02:14:22.092375,1.7,38,Yelp Only
13,Raby Institute for Integrative Medicine,500 N Michigan Ave,Chicago,IL,60611,+13122761212,https://www.yelp.com/biz/raby-institute-for-integrative-medicine-chicago?adjust_creative=bW9tF4xYi6np6FiGvjpZYA&utm_campaign=yelp_api_v3&utm_medium=api_v3_business_lookup&utm_source=bW9tF4xYi6np6FiGvjpZYA,41.891166,-87.624702,primary_care,,,,lnSRABXKLZPnsVPim6rKKg,3.6,199,1,2026-01-09 05:49:42.130064,2025-12-25 02:14:23.475090,3.6,199,Yelp Only
14,One Medical Primary Care Clinic - River North,415 N Lasalle Dr,Chicago,IL,60654,+18338235560,https://www.yelp.com/biz/one-medical-river-north-chicago?adjust_creative=bW9tF4xYi6np6FiGvjpZYA&utm_campaign=yelp_api_v3&utm_medium=api_v3_business_lookup&utm_source=bW9tF4xYi6np6FiGvjpZYA,41.88990372018339,-87.63213309999999,primary_care,,,,Ky-TsBrxySAcfb5pTTQ1Lg,3.9,8,1,2026-01-09 05:49:39.391862,2025-12-25 02:14:24.868015,3.9,8,Yelp Only
15,Forward,200 N Michigan Ave,Chicago,IL,60601,+13128746071,https://www.yelp.com/biz/forward-chicago?adjust_creative=bW9tF4xYi6np6FiGvjpZYA&utm_campaign=yelp_api_v3&utm_medium=api_v3_business_lookup&utm_source=bW9tF4xYi6np6FiGvjpZYA,41.88620105301796,-87.62497395020719,primary_care,,,,QUmiMNF-BEElQDIonz3RiA,3.0,21,1,2026-01-09 05:49:49.055183,2025-12-25 02:14:26.324529,3.0,21,Yelp Only
16,Minute Clinic,137 S Clark St,Chicago,IL,60603,,https://www.yelp.com/biz/minute-clinic-chicago-4?adjust_creative=bW9tF4xYi6np6FiGvjpZYA&utm_campaign=yelp_api_v3&utm_medium=api_v3_business_lookup&utm_source=bW9tF4xYi6np6FiGvjpZYA,41.8795288176677,-87.6306090392514,primary_care,,,,ssusDnlqPYBZfTk13w9cXA,4.0,1,1,2026-01-09 05:49:26.885489,2025-12-25 02:14:27.754954,4.0,1,Yelp Only
17,Lakeside Clinic,211 E Ontario,Chicago,IL,60611,,https://www.yelp.com/biz/lakeside-clinic-chicago?adjust_creative=bW9tF4xYi6np6FiGvjpZYA&utm_campaign=yelp_api_v3&utm_medium=api_v3_business_lookup&utm_source=bW9tF4xYi6np6FiGvjpZYA,41.8932343,-87.6219788,primary_care,,,,Huc1_R1KNhP02Jw9Jdscew,5.0,1,1,2026-01-09 05:49:47.679981,2025-12-25 02:14:29.147422,5.0,1,Yelp Only
18,Midwest Express Clinic,219 W Chicago Ave,Chicago,IL,60654,+13128781945,https://www.yelp.com/biz/midwest-express-clinic-chicago-4?adjust_creative=bW9tF4xYi6np6FiGvjpZYA&utm_campaign=yelp_api_v3&utm_medium=api_v3_business_lookup&utm_source=bW9tF4xYi6np6FiGvjpZYA,41.896344,-87.635071,urgent_care,,,,85jEyual8ILAQhk6qwdeUQ,2.4,51,1,2026-01-09 05:49:29.635368,2025-12-25 02:14:30.554791,2.4,51,Yelp Only
19,"Veena Korah, MD",,Chicago,IL,60602,,https://www.yelp.com/biz/veena-korah-md-chicago?adjust_creative=bW9tF4xYi6np6FiGvjpZYA&utm_campaign=yelp_api_v3&utm_medium=api_v3_business_lookup&utm_source=bW9tF4xYi6np6FiGvjpZYA,41.883085,-87.629121,primary_care,,,,97Y4fyDepEQsY31qKLKIXw,1.0,1,1,2026-01-09 05:49:46.250952,2025-12-25 02:14:31.937272,1.0,1,Yelp Only
20,Aligned Modern Health,338 E Ohio St,Chicago,IL,60611,+17732506464,https://www.yelp.com/biz/aligned-modern-health-chicago-20?adjust_creative=bW9tF4xYi6np6FiGvjpZYA&utm_campaign=yelp_api_v3&utm_medium=api_v3_business_lookup&utm_source=bW9tF4xYi6np6FiGvjpZYA,41.8926268,-87.6192751,,,,,RYs4yVYUwxq1PrTOa5BS9g,4.4,44,1,2026-01-09 05:49:44.890723,2025-12-25 02:14:33.317303,4.4,44,Yelp Only
21,One Medical Primary Care Clinic - The Loop,230 W Monroe St,Chicago,IL,60606,+18338235560,https://www.yelp.com/biz/one-medical-chicago-8?adjust_creative=bW9tF4xYi6np6FiGvjpZYA&utm_campaign=yelp_api_v3&utm_medium=api_v3_business_lookup&utm_source=bW9tF4xYi6np6FiGvjpZYA,41.88107668796214,-87.63487080000014,primary_care,,,,teQUeusTJZGLiekbpYfX-g,4.0,86,1,2026-01-09 05:49:32.494196,2025-12-25 02:14:34.695429,4.0,86,Yelp Only
22,Ketamine Centers of Chicago,712 N Dearborn St,Chicago,IL,60654,+18449486337,https://www.yelp.com/biz/ketamine-centers-of-chicago-chicago?adjust_creative=bW9tF4xYi6np6FiGvjpZYA&utm_campaign=yelp_api_v3&utm_medium=api_v3_business_lookup&utm_source=bW9tF4xYi6np6FiGvjpZYA,41.89538,-87.6300399,primary_care,,,,35Vrdks0_zWlmU9O9ZgFsg,3.4,5,1,2026-01-09 05:49:55.807035,2025-12-25 02:14:36.098329,3.4,5,Yelp Only
23,ImagineMD,10 S Riverside Plz,Chicago,IL,60606,+13123745860,https://www.yelp.com/biz/imaginemd-chicago?adjust_creative=bW9tF4xYi6np6FiGvjpZYA&utm_campaign=yelp_api_v3&utm_medium=api_v3_business_lookup&utm_source=bW9tF4xYi6np6FiGvjpZYA,41.88165,-87.6388749,primary_care,,,,QSCfp8kzwUYxPywQhd4hpA,5.0,10,1,2026-01-09 05:49:36.626701,2025-12-25 02:14:38.744381,5.0,10,Yelp Only
24,Meticulous Massage,307 N Michigan Ave,Chicago,IL,60601,+17732178396,https://www.yelp.com/biz/meticulous-massage-chicago?adjust_creative=bW9tF4xYi6np6FiGvjpZYA&utm_campaign=yelp_api_v3&utm_medium=api_v3_business_lookup&utm_source=bW9tF4xYi6np6FiGvjpZYA,41.8871,-87.62421,,,,,pRWoFXnlTtvwoHc-Ufybdg,4.8,24,1,2026-01-09 05:47:27.922911,2025-12-25 02:14:40.136168,4.8,24,Yelp Only
25,Advocate Clinic at Walgreens,151 N State St,Chicago,IL,60601,+18003238622,https://www.yelp.com/biz/advocate-clinic-at-walgreens-chicago?adjust_creative=bW9tF4xYi6np6FiGvjpZYA&utm_campaign=yelp_api_v3&utm_medium=api_v3_business_lookup&utm_source=bW9tF4xYi6np6FiGvjpZYA,41.884877,-87.627467,urgent_care,,,,AEdjopeLV6DZq8UlhzUJwg,1.0,1,1,2026-01-09 05:49:54.384937,2025-12-25 02:14:41.506417,1.0,1,Yelp Only
26,Physicians Immediate Care,600 W Adams St,Chicago,IL,60661,+13125060900,https://www.yelp.com/biz/physicians-immediate-care-west-loop-chicago?adjust_creative=bW9tF4xYi6np6FiGvjpZYA&utm_campaign=yelp_api_v3&utm_medium=api_v3_business_lookup&utm_source=bW9tF4xYi6np6FiGvjpZYA,41.8794163,-87.6428229,urgent_care,,,,zMIN-8iHNdoTExMsEetlxQ,3.2,227,1,2026-01-09 05:49:38.014599,2025-12-25 02:14:42.898391,3.2,227,Yelp Only
27,Passport Health Chicago - River North Vaccine Clinic,730 N Franklin St,Chicago,IL,60654,+18722310518,https://www.yelp.com/biz/passport-health-river-north-travel-clinic-chicago?adjust_creative=bW9tF4xYi6np6FiGvjpZYA&utm_campaign=yelp_api_v3&utm_medium=api_v3_business_lookup&utm_source=bW9tF4xYi6np6FiGvjpZYA,41.89584,-87.63603,primary_care,,,,PNYLz167uKJbu1TkmJtkkA,4.0,19,1,2026-01-09 05:50:00.025121,2025-12-25 02:14:44.284822,4.0,19,Yelp Only
28,Deeper Connections Counseling,111 N Wabash Ave,Chicago,IL,60602,+13129716500,https://www.yelp.com/biz/deeper-connections-counseling-chicago?adjust_creative=bW9tF4xYi6np6FiGvjpZYA&utm_campaign=yelp_api_v3&utm_medium=api_v3_business_lookup&utm_source=bW9tF4xYi6np6FiGvjpZYA,41.88352,-87.62589,,,,,RruRRsW_27TedFF4XnBrzw,5.0,6,1,2026-01-09 05:48:18.491787,2025-12-25 02:14:45.669592,5.0,6,Yelp Only
29,Northwestern Medicine Primary and Specialty Care,259 E Erie St,Chicago,IL,60611,+13129266000,https://www.yelp.com/biz/northwestern-medicine-primary-and-specialty-care-chicago-4?adjust_creative=bW9tF4xYi6np6FiGvjpZYA&utm_campaign=yelp_api_v3&utm_medium=api_v3_business_lookup&utm_source=bW9tF4xYi6np6FiGvjpZYA,41.89369130000001,-87.620953,primary_care,,,,Hmef--aYz_Ln5ZexFGrtFw,3.0,11,1,2026-01-09 05:50:11.346011,2025-12-25 02:14:47.063744,3.0,11,Yelp Only
30,Plastic Surgery Clinic of Chicago,737 N Michigan Ave,Chicago,IL,60611,+13128195338,https://www.yelp.com/biz/plastic-surgery-clinic-of-chicago-chicago-2?adjust_creative=bW9tF4xYi6np6FiGvjpZYA&utm_campaign=yelp_api_v3&utm_medium=api_v3_business_lookup&utm_source=bW9tF4xYi6np6FiGvjpZYA,41.8959995,-87.6238055,,,,,Jzv1uFGzv6S0kmSpdhJpDw,4.6,9,1,2026-01-09 05:50:18.147884,2025-12-25 02:14:48.423366,4.6,9,Yelp Only
31,Chicago Nasal & Sinus Center,111 W Washington St,Chicago,IL,60602,+13123729355,https://www.yelp.com/biz/chicago-nasal-and-sinus-center-chicago?adjust_creative=bW9tF4xYi6np6FiGvjpZYA&utm_campaign=yelp_api_v3&utm_medium=api_v3_business_lookup&utm_source=bW9tF4xYi6np6FiGvjpZYA,41.883003590461456,-87.63169400189727,primary_care,,,,ZNlHypbOwdB0lM3kW2M-Qw,4.3,82,1,2026-01-09 05:49:35.279280,2025-12-25 02:14:49.805999,4.3,82,Yelp Only
32,Boston Medical Group,30 N Michigan Ave,Chicago,IL,60602,+18666789169,https://www.yelp.com/biz/boston-medical-group-chicago-2?adjust_creative=bW9tF4xYi6np6FiGvjpZYA&utm_campaign=yelp_api_v3&utm_medium=api_v3_business_lookup&utm_source=bW9tF4xYi6np6FiGvjpZYA,41.8829571,-87.6247939,primary_care,,,,_wlF11q12wAYaGFdVzvlbw,1.0,4,1,2026-01-09 05:50:02.791299,2025-12-25 02:14:51.310705,1.0,4,Yelp Only
33,Mobile IV Medics - Chicago,,Chicago,IL,60603,+18334837477,https://www.yelp.com/biz/mobile-iv-medics-chicago-chicago?adjust_creative=bW9tF4xYi6np6FiGvjpZYA&utm_campaign=yelp_api_v3&utm_medium=api_v3_business_lookup&utm_source=bW9tF4xYi6np6FiGvjpZYA,41.88089,-87.62127,,,,,6IVKAZMVj6JJjhoWwoIoVg,5.0,3,1,2026-01-09 05:49:43.494400,2025-12-25 02:14:52.668530,5.0,3,Yelp Only
34,Hobson Institute,30 N Michigan Ave,Chicago,IL,60602,+13129869833,https://www.yelp.com/biz/hobson-institute-chicago?adjust_creative=bW9tF4xYi6np6FiGvjpZYA&utm_campaign=yelp_api_v3&utm_medium=api_v3_business_lookup&utm_source=bW9tF4xYi6np6FiGvjpZYA,41.8829547,-87.6247085,pediatric,,,,7R2-weeGDZWt07ODmFZVTg,5.0,12,1,2026-01-09 05:50:10.011202,2025-12-25 02:14:54.101554,5.0,12,Yelp Only
35,Clarity TMS Chicago,333 N Michigan Ave,Chicago,IL,60601,+18722778882,https://www.yelp.com/biz/clarity-tms-chicago-chicago-2?adjust_creative=bW9tF4xYi6np6FiGvjpZYA&utm_campaign=yelp_api_v3&utm_medium=api_v3_business_lookup&utm_source=bW9tF4xYi6np6FiGvjpZYA,41.88784577599748,-87.62427314865276,,,,,5csx1SPTOx6-wb_pROyxaw,4.3,12,1,2026-01-09 05:47:34.844006,2025-12-25 02:14:55.878297,4.3,12,Yelp Only
36,"Bradley R Sabin,MD",200 S Michigan Ave,Chicago,IL,60604,+13129223815,https://www.yelp.com/biz/bradley-r-sabin-md-chicago?adjust_creative=bW9tF4xYi6np6FiGvjpZYA&utm_campaign=yelp_api_v3&utm_medium=api_v3_business_lookup&utm_source=bW9tF4xYi6np6FiGvjpZYA,41.879345,-87.6249224,primary_care,,,,UjN2TyfuIaEG7uF8iN2kVg,4.9,19,1,2026-01-09 05:49:33.841022,2025-12-25 02:14:57.287031,4.9,19,Yelp Only
37,Weissbluth Pediatrics,737 N Michigan Ave,Chicago,IL,60611,+13122020300,https://www.yelp.com/biz/weissbluth-pediatrics-chicago?adjust_creative=bW9tF4xYi6np6FiGvjpZYA&utm_campaign=yelp_api_v3&utm_medium=api_v3_business_lookup&utm_source=bW9tF4xYi6np6FiGvjpZYA,41.896073,-87.623583,pediatric,,,,I2pJJ0Hgir0FnfjcVYesUg,4.2,139,1,2026-01-09 05:47:43.184233,2025-12-25 02:14:58.696113,4.2,139,Yelp Only
38,"Alan F Bain, DO - Chicago Health & Wellness Alliance",8 S Michigan Ave,Chicago,IL,60603,+13122367010,https://www.yelp.com/biz/alan-f-bain-do-chicago-health-and-wellness-alliance-chicago?adjust_creative=bW9tF4xYi6np6FiGvjpZYA&utm_campaign=yelp_api_v3&utm_medium=api_v3_business_lookup&utm_source=bW9tF4xYi6np6FiGvjpZYA,41.881983,-87.62473,primary_care,,,,S4oulDgpF0D3EeNiTyvsew,3.9,44,1,2026-01-09 05:50:04.211926,2025-12-25 02:15:00.139323,3.9,44,Yelp Only
39,Planned Parenthood - Loop Health Center,18 S Michigan Ave,Chicago,IL,60603,+18772007745,https://www.yelp.com/biz/planned-parenthood-loop-health-center-chicago?adjust_creative=bW9tF4xYi6np6FiGvjpZYA&utm_campaign=yelp_api_v3&utm_medium=api_v3_business_lookup&utm_source=bW9tF4xYi6np6FiGvjpZYA,41.881451,-87.624889,,,,,VVuw6BnXEbn5RkIA3U0o-g,2.9,49,1,2026-01-09 05:50:01.368674,2025-12-25 02:15:01.493833,2.9,49,Yelp Only
40,Source Healing,650 N Dearborn St,Chicago,IL,60654,+13123359330,https://www.yelp.com/biz/source-healing-chicago?adjust_creative=bW9tF4xYi6np6FiGvjpZYA&utm_campaign=yelp_api_v3&utm_medium=api_v3_business_lookup&utm_source=bW9tF4xYi6np6FiGvjpZYA,41.893883,-87.629902,,,,,miRJvprsOrC0jnPpB4JyPQ,4.9,27,1,2026-01-09 05:47:52.891425,2025-12-25 02:15:02.968181,4.9,27,Yelp Only
41,Men's Health Chicago,10 S Lasalle St,Chicago,IL,60603,+13129209700,https://www.yelp.com/biz/mens-health-chicago-chicago?adjust_creative=bW9tF4xYi6np6FiGvjpZYA&utm_campaign=yelp_api_v3&utm_medium=api_v3_business_lookup&utm_source=bW9tF4xYi6np6FiGvjpZYA,41.881716,-87.632776,specialty,,,,mtaWQBa4cUTGB07x5MpO1Q,4.4,19,1,2026-01-09 05:49:40.783124,2025-12-25 02:15:04.393558,4.4,19,Yelp Only
42,Concentric Counseling & Consulting,30 N Michigan Ave,Chicago,IL,60602,+13127253093,https://www.yelp.com/biz/concentric-counseling-and-consulting-chicago?adjust_creative=bW9tF4xYi6np6FiGvjpZYA&utm_campaign=yelp_api_v3&utm_medium=api_v3_business_lookup&utm_source=bW9tF4xYi6np6FiGvjpZYA,41.882984161377,-87.6249771118164,,,,,z5XimVSztIXZbc7Hjv8CSg,5.0,3,1,2026-01-09 05:50:08.618587,2025-12-25 02:15:05.756654,5.0,3,Yelp Only
43,Eating Recovery Center - Chicago,333 N Michigan Ave,Chicago,IL,60601,+13125409955,https://www.yelp.com/biz/eating-recovery-center-chicago-chicago?adjust_creative=bW9tF4xYi6np6FiGvjpZYA&utm_campaign=yelp_api_v3&utm_medium=api_v3_business_lookup&utm_source=bW9tF4xYi6np6FiGvjpZYA,41.8876748,-87.6242297,primary_care,,,,XJNIvlg4dno_b_TxmgJa4A,1.6,7,1,2026-01-09 05:48:26.889662,2025-12-25 02:15:07.133230,1.6,7,Yelp Only
44,InnerVoice Psychotherapy & Consultation,180 N Michigan Ave,Chicago,IL,60601,+13126201420,https://www.yelp.com/biz/innervoice-psychotherapy-and-consultation-chicago?adjust_creative=bW9tF4xYi6np6FiGvjpZYA&utm_campaign=yelp_api_v3&utm_medium=api_v3_business_lookup&utm_source=bW9tF4xYi6np6FiGvjpZYA,41.885589,-87.624798,,,,,UuimJ05DYQfwMi-FMCILnw,5.0,4,1,2025-12-27 01:08:56.459710,2025-12-25 02:15:08.555978,5.0,4,Yelp Only
45,American Medical Association,330 N Wabash Ave,Chicago,IL,60611,+18006218335,https://www.yelp.com/biz/american-medical-association-chicago-3?adjust_creative=bW9tF4xYi6np6FiGvjpZYA&utm_campaign=yelp_api_v3&utm_medium=api_v3_business_lookup&utm_source=bW9tF4xYi6np6FiGvjpZYA,41.8885745108128,-87.6272099465132,primary_care,,,,R8vWAcPANcvFegPecGlmxA,1.0,2,1,2026-01-09 05:48:00.512243,2025-12-25 02:15:09.981208,1.0,2,Yelp Only
46,IVme Wellness + Aesthetics,346 N State St,Chicago,IL,60654,+13127636547,https://www.yelp.com/biz/ivme-wellness-aesthetics-chicago-3?adjust_creative=bW9tF4xYi6np6FiGvjpZYA&utm_campaign=yelp_api_v3&utm_medium=api_v3_business_lookup&utm_source=bW9tF4xYi6np6FiGvjpZYA,41.88873481567208,-87.6284153,,,,,Kn2Jtmf3mlsbWAd8WzsOQg,4.7,60,1,2026-01-09 05:47:54.524414,2025-12-25 02:15:11.364505,4.7,60,Yelp Only
47,Michigan Avenue Podiatry,30 N Michigan Ave,Chicago,IL,60602,+13127010770,https://www.yelp.com/biz/michigan-avenue-podiatry-chicago-2?adjust_creative=bW9tF4xYi6np6FiGvjpZYA&utm_campaign=yelp_api_v3&utm_medium=api_v3_business_lookup&utm_source=bW9tF4xYi6np6FiGvjpZYA,41.882988,-87.624985,,,,,2OLnti48LCxTPbwTW2l3JQ,3.9,82,1,2026-01-09 05:50:15.348873,2025-12-25 02:15:12.758651,3.9,82,Yelp Only
48,Loop Spine & Sports Center,30 N Michigan Ave,Chicago,IL,60602,+13124220042,https://www.yelp.com/biz/loop-spine-and-sports-center-chicago?adjust_creative=bW9tF4xYi6np6FiGvjpZYA&utm_campaign=yelp_api_v3&utm_medium=api_v3_business_lookup&utm_source=bW9tF4xYi6np6FiGvjpZYA,41.88304075128254,-87.62488555730963,,,,,Tu5SYSboTLF9I-1H_uZHkg,5.0,5,1,2026-01-09 05:50:16.755763,2025-12-25 02:15:14.194701,5.0,5,Yelp Only
49,Mercy Medical / Mercy Works at Dearborn Station,47 W Polk St,Chicago,IL,60605,+13125676700,https://www.yelp.com/biz/mercy-medical-mercy-works-at-dearborn-station-chicago?adjust_creative=bW9tF4xYi6np6FiGvjpZYA&utm_campaign=yelp_api_v3&utm_medium=api_v3_business_lookup&utm_source=bW9tF4xYi6np6FiGvjpZYA,41.87173,-87.62909,urgent_care,,,,RiQfs8W707QyJikEw6f7Gg,2.3,59,1,2026-01-09 05:49:58.625110,2025-12-25 02:15:15.610674,2.3,59,Yelp Only
50,UIC Clinic Building,"1801 W Taylor St, Chicago, IL 60612, USA",,,,(866) 600-2273,http://hospital.uillinois.edu/,41.8690175,-87.6718209,,ChIJkbi4AhEtDogRUPRqo6aOyOg,2.6,28,,,,1,2026-01-09 05:51:30.752931,2025-12-25 02:25:17.788576,2.6,28,Google Only
51,Midwest Express Clinic Urgent Care,"219 W Chicago Ave, Chicago, IL 60654, USA",,,,(312) 878-1945,https://midwestexpressclinic.com/locations/river-north-chicago-il-urgent-care/,41.8964729,-87.6350393,,ChIJH6xCPEvTD4gRWooKEO9N-kk,4.7,1293,,,,1,2026-01-09 05:51:34.015056,2025-12-25 02:25:18.952152,4.7,1293,Google Only
52,One Medical Primary Care Clinic - Lincoln Park,"1931 N Halsted St, Chicago, IL 60614, USA",,,,(888) 663-6331,https://onemedical.com/locations/chi/lincolnpark?y_source=1_MTA1Mzk0OTMzNy03MTUtbG9jYXRpb24ud2Vic2l0ZQ%3D%3D,41.917144,-87.64824,,ChIJ_ZoTJxjTD4gRyBqWKvFD97s,4.6,66,,,,1,2026-01-09 05:51:31.833857,2025-12-25 02:25:20.123450,4.6,66,Google Only
53,Aayu Clinics,"1601 W Division St, Chicago, IL 60622, USA",,,,(773) 227-3669,https://aayuclinics.com/?utm_source=google&utm_medium=organic&utm_campaign=gmb&utm_term=aayu+clinics+wicker+park&utm_content=website+button,41.9031704,-87.6677157,,ChIJ-dWC1tHSD4gROQgRpoyPSn0,4.3,659,,,,1,2026-01-09 05:51:36.188710,2025-12-25 02:25:21.276698,4.3,659,Google Only
54,One Medical Primary Care Clinic - River North,"415 N La Salle Dr Suite 100, Chicago, IL 60654, USA",,,,(888) 663-6331,https://onemedical.com/locations/chi/rivernorth?y_source=1_MTA1Mzk0OTM1NS03MTUtbG9jYXRpb24ud2Vic2l0ZQ%3D%3D,41.8898119,-87.63213309999999,,ChIJX2rEQrEsDogRA3tr9lUKDrA,4.4,44,,,,1,2026-01-09 05:51:35.100189,2025-12-25 02:25:22.414817,4.4,44,Google Only
55,One Medical Primary Care Clinic - Fulton Market,"109 N Aberdeen St, Chicago, IL 60607, USA",,,,(888) 663-6331,https://onemedical.com/locations/chi/fultonmarket?y_source=1_MTA1Mzk0OTM5OS03MTUtbG9jYXRpb24ud2Vic2l0ZQ%3D%3D,41.8835709,-87.6540539,,ChIJ0xNfFgUtDogRgKbD7jJcrXM,4.8,23,,,,1,2026-01-09 05:51:32.923253,2025-12-25 02:25:23.574143,4.8,23,Google Only
56,Michigan Avenue Immediate Care,"180 N Michigan Ave #1605, Chicago, IL 60601, USA",,,,(312) 201-1234,https://www.michiganavenueprimarycare.com/immediate-care,41.885512,-87.6249235,,ChIJYYypDqQsDogRI1Uv8oN0QLU,4.6,861,,,,1,2026-01-09 05:51:38.359340,2025-12-25 02:25:24.711049,4.6,861,Google Only
57,One Medical Primary Care Clinic - Wicker Park,"1640 N Damen Ave, Chicago, IL 60647, USA",,,,(888) 663-6331,https://onemedical.com/locations/chi/wicker-park?y_source=1_MTA1Mzk0OTM3MS03MTUtbG9jYXRpb24ud2Vic2l0ZQ%3D%3D,41.9116886,-87.67774659999999,,ChIJwQQcvBfTD4gRE6w_qeoOeCU,4.5,31,,,,1,2026-01-09 05:51:37.262689,2025-12-25 02:25:25.854494,4.5,31,Google Only
58,One Medical Primary Care Clinic - The Loop,"230 W Monroe St Ste 100, Chicago, IL 60606, USA",,,,(888) 663-6331,https://onemedical.com/locations/chi/loop?y_source=1_MTA1Mzk0OTMzMS03MTUtbG9jYXRpb24ud2Vic2l0ZQ%3D%3D,41.8810718,-87.6348873,,ChIJ91N-37ssDogRjEsbhuzmqI8,4.5,53,,,,1,2026-01-09 05:51:39.466424,2025-12-25 02:25:26.988449,4.5,53,Google Only
59,CLEAR Immediate Care,"1605 S Michigan Ave, Chicago, IL 60616, USA",,,,(312) 535-5770,https://clearwellnessgroup.com/,41.8600681,-87.6237943,,ChIJLfMv0s0tDogRmyUtaRGOqlI,4.6,3159,,,,1,2026-01-09 05:51:40.558579,2025-12-25 02:25:28.111292,4.6,3159,Google Only
60,Midwest Express Clinic Urgent Care,"1520 N Damen Ave, Chicago, IL 60622, USA",,,,(312) 283-5560,https://midwestexpressclinic.com/locations/bucktown-wicker-park-chicago-il-urgent-care/,41.908876,-87.6775799,,ChIJH71yfsfSD4gRob9sqRgbraY,4.6,1833,,,,1,2026-01-09 05:51:41.652301,2025-12-25 02:25:29.255092,4.6,1833,Google Only
61,Michigan Avenue Primary Care,"180 N Michigan Ave #1720, Chicago, IL 60601, USA",,,,(312) 994-3000,https://www.michiganavenueprimarycare.com/,41.8855186,-87.62490299999999,,ChIJk22ADKQsDogRseb1F38GGrs,4.6,1089,,,,1,2026-01-09 05:51:21.390209,2025-12-25 02:25:30.388125,4.6,1089,Google Only
62,Oak Street Health Chinatown Primary Care Clinic,"2335 S Wentworth Ave # B, Chicago, IL 60616, USA",,,,(872) 268-5441,https://www.oakstreethealth.com/locations/chicago-il/chinatown-doctors-office?utm_source=listings&utm_vpf=rioseo&utm_campaign=location&clinic_id=191,41.8498607,-87.63172809999999,,ChIJBeHI6OwtDogRstmJgwJFFko,4.4,16,,,,1,2026-01-09 05:51:42.746317,2025-12-25 02:25:31.532780,4.4,16,Google Only
63,Midwest Express Clinic Urgent Care,"779 W Adams St, Chicago, IL 60661, USA",,,,(312) 382-8308,https://midwestexpressclinic.com/locations/west-loop-chicago-il-urgent-care/,41.8790686,-87.647061,,ChIJE_HkFcMsDogRD7vNmdDlEEI,4.7,1495,,,,1,2026-01-09 05:51:43.831848,2025-12-25 02:25:32.692514,4.7,1495,Google Only
64,MinuteClinic,"1154 S Clark St, Chicago, IL 60605, USA",,,,(866) 389-2727,https://www.cvs.com/minuteclinic/clinic-locator/il/chicago/17009.html?WT.mc_id=LS_mc_google_carenav_17009,41.8681654,-87.6311449,,ChIJQcCKTZAsDogRfKQ3pzMg98w,2.9,42,,,,1,2026-01-09 05:51:44.912811,2025-12-25 02:25:33.833895,2.9,42,Google Only
65,MinuteClinic at CVS,"1165 N Clark St, Chicago, IL 60610, USA",,,,(866) 389-2727,https://www.cvs.com/minuteclinic/clinic-locator/il/chicago/8698.html?WT.mc_id=LS_mc_google_carenav_8698,41.9036296,-87.6311686,,ChIJ546PDk_TD4gR4Ww7NJPkst0,3.6,31,,,,1,2026-01-09 05:51:46.002327,2025-12-25 02:25:34.965490,3.6,31,Google Only
66,Erie West Town Health Center,"1701 W Superior St, Chicago, IL 60622, USA",,,,(312) 666-3494,http://www.eriefamilyhealth.org/,41.8950061,-87.66984099999999,,ChIJi9P53TItDogRA9VOeU2WvC8,3.3,126,,,,1,2026-01-09 05:51:47.093487,2025-12-25 02:25:36.099724,3.3,126,Google Only
67,Lurie Children’s Pediatrics - Lincoln Park,"467 W Deming Pl Suite 6000, Chicago, IL 60614, USA",,,,(800) 543-7356,https://www.luriechildrens.org/en/specialties-conditions/pediatricians/pediatrics-lincoln-park-program/?utm_source=gbp&utm_medium=organic&utm_campaign=467-w-deming_chicago_pediatrics,41.9287173,-87.64157879999999,,ChIJEfQKQwzTD4gRjeH6idLmrVc,3.6,13,,,,1,2026-01-09 05:51:04.353561,2025-12-25 02:25:37.228728,3.6,13,Google Only
68,Vasectomy Specialist Clinics of Chicago,"111 N Wabash Ave STE 1210, Chicago, IL 60602, USA",,,,(312) 473-7647,http://www.vasectomyspecialist.com/,41.8835178,-87.6258728,,ChIJ_-pNpqUsDogR7sX17flRClM,5.0,31,,,,1,2026-01-09 05:51:49.264128,2025-12-25 02:25:38.374932,5.0,31,Google Only
69,Vasectomy Clinics of Chicago,"505 N Lake Shore Dr, Chicago, IL 60611, USA",,,,(877) 877-4827,http://www.vasectomychicago.com/,41.8914317,-87.6122056,,ChIJ118gm1MrDogRqwofH_EYFIc,4.1,9,,,,1,2026-01-09 05:51:50.345125,2025-12-25 02:25:39.503864,4.1,9,Google Only
70,ACCESS Plaza Family Health Center,"2533 W Cermak Rd, Chicago, IL 60608, USA",,,,(773) 523-0900,https://www.achn.net/locations/location-pages/access-plaza-family-health-center/?utm_source=google&utm_medium=website&utm_id=website+link,41.8507003,-87.6892013,,ChIJLwTzELt2XUARPKttDPLQ8ms,4.0,63,,,,1,2026-01-09 05:51:19.221798,2025-12-25 03:03:29.490725,4.0,63,Google Only
71,ACCESS Warren Family Health Center,"2409 W Warren Blvd, Chicago, IL 60612, USA",,,,(312) 733-4475,https://www.achn.net/locations/location-pages/access-warren-family-health-center/?utm_source=google&utm_medium=website&utm_id=website+link,41.8819263,-87.6868365,,ChIJNyqEpkQtDogR0ZfocFxWSkY,4.5,71,,,,1,2026-01-09 05:51:27.981470,2025-12-25 03:03:39.351420,4.5,71,Google Only
72,Physicians Immediate Care,"1702 N Milwaukee Ave, Chicago, IL 60647, USA",,,,(773) 770-4056,https://www.wellnow.com/urgent-care-centers/illinois/chicago/1702-n-milwaukee-ave-60647/?utm_source=googleplaces&utm_medium=lociqgoogleplaces&utm_content=listing,41.9121135,-87.6807218,,ChIJU-KX3L7SD4gRh1bXGyi9m_4,4.2,1084,,,,1,2026-01-09 05:51:48.178080,2025-12-25 03:03:40.476944,4.2,1084,Google Only
73,People's Medical Center,"3201 S Wallace St, Chicago, IL 60616, USA",,,,(312) 326-3200,,41.8361275,-87.6411699,,ChIJoyVAgkAsDogRWt6nlSIDEIU,4.1,20,,,,1,2025-12-25 03:03:49.809068,2025-12-25 03:03:49.809078,4.1,20,Google Only
74,Physicians Immediate Care,"825 S State St, Chicago, IL 60605, USA",,,,(312) 566-9510,https://www.wellnow.com/urgent-care-centers/illinois/chicago/825-s-state-street-60605/?utm_source=googleplaces&utm_medium=lociqgoogleplaces&utm_content=listing,41.8710701,-87.6273212,,ChIJGYD89JksDogRF8tlQj2rvDA,4.3,1040,,,,1,2026-01-09 05:51:51.471289,2025-12-25 03:03:50.922278,4.3,1040,Google Only
75,UI Health Family Medicine Center at University Village,"722 W Maxwell St Rm 235, Chicago, IL 60607, USA",,,,(866) 600-2273,https://hospital.uillinois.edu/patients-and-visitors/locations-and-directions/ui-health-at-university-village/university-village-maxwell-clinic,41.86499999999999,-87.64583329999999,,ChIJLYd_yfEsDogRrJUCAbRkVc8,2.5,114,,,,1,2025-12-27 01:07:50.515208,2025-12-25 03:03:54.231694,2.5,114,Google Only
76,Health Direction Medical Center,"1656 W Chicago Ave, Chicago, IL 60622, USA",,,,(773) 342-1090,http://hdmedicalcenter.com/,41.896277,-87.6694766,,ChIJCYqefHjTD4gROuc6FDJMOPw,4.2,57,,,,1,2025-12-25 03:03:59.824886,2025-12-25 03:03:59.824899,4.2,57,Google Only
77,University Illinois Medical Center Pth,"1740 W Taylor St, Chicago, IL 60612, USA",,,,(312) 996-7312,http://hospital.uillinois.edu/,41.8696584,-87.6703649,,ChIJy3hgAhEtDogRPNSGxjqfrzw,5.0,1,,,,1,2025-12-25 03:04:00.959544,2025-12-25 03:04:00.959555,5.0,1,Google Only
78,Union Health Service,"1634 W Polk St, Chicago, IL 60612, USA",,,,(312) 423-4200,https://www.unionhealth.org/UHS/main.aspx?tid=239,41.8720165,-87.6679072,,ChIJUcJqJz0tDogR3qaNzFS5kBQ,2.6,125,,,,1,2025-12-25 03:04:02.079162,2025-12-25 03:04:02.079172,2.6,125,Google Only
79,"Kevin E Hunt, MD",20 S Clark St,Chicago,IL,60603,+13129263627,https://www.yelp.com/biz/kevin-e-hunt-md-chicago-2?adjust_creative=bW9tF4xYi6np6FiGvjpZYA&utm_campaign=yelp_api_v3&utm_medium=api_v3_business_lookup&utm_source=bW9tF4xYi6np6FiGvjpZYA,41.8813038,-87.631169,primary_care,,,,jYdl3hODJBd1okUT_3jh-A,4.7,25,1,2026-01-09 05:48:24.140192,2025-12-25 03:05:44.429987,4.7,25,Yelp Only
80,Northwestern Medicine Dermatology West Washington,111 W Washington St,Chicago,IL,60602,+13126958106,https://www.yelp.com/biz/northwestern-medicine-dermatology-west-washington-chicago?adjust_creative=bW9tF4xYi6np6FiGvjpZYA&utm_campaign=yelp_api_v3&utm_medium=api_v3_business_lookup&utm_source=bW9tF4xYi6np6FiGvjpZYA,41.8829912226807,-87.6314284090843,specialty,,,,Un-ieLUl8Nll72BHAbm_WQ,5.0,1,1,2026-01-09 05:48:28.270215,2025-12-25 03:05:45.801891,5.0,1,Yelp Only
81,Illinois Bone and Joint Institute,205 W Randolph,Chicago,IL,60606,+13129457343,https://www.yelp.com/biz/illinois-bone-and-joint-institute-chicago-7?adjust_creative=bW9tF4xYi6np6FiGvjpZYA&utm_campaign=yelp_api_v3&utm_medium=api_v3_business_lookup&utm_source=bW9tF4xYi6np6FiGvjpZYA,41.88407,-87.63417,primary_care,,,,FePeNU3Wb4GR39jol6wyQw,1.0,1,1,2026-01-09 05:48:32.559412,2025-12-25 03:05:54.090662,1.0,1,Yelp Only
82,Pinnacle Counseling,25 E Washington St,Chicago,IL,60602,+13122989846,https://www.yelp.com/biz/pinnacle-counseling-chicago?adjust_creative=bW9tF4xYi6np6FiGvjpZYA&utm_campaign=yelp_api_v3&utm_medium=api_v3_business_lookup&utm_source=bW9tF4xYi6np6FiGvjpZYA,41.88310938876453,-87.6267552588695,,,,,YWw3zIcKN0cLb48dKLcwhA,4.5,8,1,2026-01-09 05:48:35.367056,2025-12-25 03:05:59.418576,4.5,8,Yelp Only
83,Advanced Fertility of Chicago,20 W Kinzie St,Chicago,IL,60654,+18476621818,https://www.yelp.com/biz/advanced-fertility-of-chicago-chicago-2?adjust_creative=bW9tF4xYi6np6FiGvjpZYA&utm_campaign=yelp_api_v3&utm_medium=api_v3_business_lookup&utm_source=bW9tF4xYi6np6FiGvjpZYA,41.88939085244959,-87.6289413335294,,,,,UsykUEYToOu2oVWw5ayTwA,4.0,1,1,2026-01-09 05:48:39.509910,2025-12-25 03:06:00.770570,4.0,1,Yelp Only
84,IVme Wellness + Aesthetics,1347 N Wells,Chicago,IL,60610,+13123501822,https://www.yelp.com/biz/ivme-wellness-aesthetics-chicago-4?adjust_creative=bW9tF4xYi6np6FiGvjpZYA&utm_campaign=yelp_api_v3&utm_medium=api_v3_business_lookup&utm_source=bW9tF4xYi6np6FiGvjpZYA,41.9071,-87.63414,,,,,bYMz8lPhcxyKFpQiSElcww,4.6,98,1,2026-01-09 05:48:43.673409,2025-12-25 03:06:04.791975,4.6,98,Yelp Only
85,Herb + Ōhm,205 W Randolph St,Chicago,IL,60606,+13127571882,https://www.yelp.com/biz/herb-%C5%8Dhm-chicago-2?adjust_creative=bW9tF4xYi6np6FiGvjpZYA&utm_campaign=yelp_api_v3&utm_medium=api_v3_business_lookup&utm_source=bW9tF4xYi6np6FiGvjpZYA,41.88412335339037,-87.634173,,,,,Z2lHWy3A2SOEPjSowuyPIw,4.9,48,1,2026-01-09 05:48:42.297823,2025-12-25 03:06:06.178732,4.9,48,Yelp Only
86,"Robert J Sobel, MD",30 N Michigan Ave,Chicago,IL,60602,+13127260005,https://www.yelp.com/biz/robert-j-sobel-md-chicago?adjust_creative=bW9tF4xYi6np6FiGvjpZYA&utm_campaign=yelp_api_v3&utm_medium=api_v3_business_lookup&utm_source=bW9tF4xYi6np6FiGvjpZYA,41.88299,-87.62499,primary_care,,,,LmLadcexMkHTRBv9fmlGOQ,4.4,20,1,2026-01-09 05:48:46.276467,2025-12-25 03:06:10.785132,4.4,20,Yelp Only
87,Loop Chiropractic & Sports Injury Center,105 W Madison St,Chicago,IL,60602,+13122369355,https://www.yelp.com/biz/loop-chiropractic-and-sports-injury-center-chicago-9?adjust_creative=bW9tF4xYi6np6FiGvjpZYA&utm_campaign=yelp_api_v3&utm_medium=api_v3_business_lookup&utm_source=bW9tF4xYi6np6FiGvjpZYA,41.8818291,-87.6312275,,,,,76u1rj_p6daQDB7_jXKxlg,5.0,58,1,2026-01-09 05:48:48.982004,2025-12-25 03:06:12.276206,5.0,58,Yelp Only
88,Neurology Consultants,111 N Wabash Ave,Chicago,IL,60602,+13128634257,https://www.yelp.com/biz/neurology-consultants-chicago?adjust_creative=bW9tF4xYi6np6FiGvjpZYA&utm_campaign=yelp_api_v3&utm_medium=api_v3_business_lookup&utm_source=bW9tF4xYi6np6FiGvjpZYA,41.88357,-87.626,,,,,lsHLB_yVsFsLNsZmo0CGag,3.6,5,1,2026-01-09 05:49:03.961125,2025-12-25 03:06:13.717497,3.6,5,Yelp Only
89,CVS Pharmacy,1 S State St,Chicago,IL,60603,+13122792134,https://www.yelp.com/biz/cvs-pharmacy-chicago-80?adjust_creative=bW9tF4xYi6np6FiGvjpZYA&utm_campaign=yelp_api_v3&utm_medium=api_v3_business_lookup&utm_source=bW9tF4xYi6np6FiGvjpZYA,41.88195041433797,-87.62744613354225,,,,,Jzt4-3tp0jOgpBcHoFzoaQ,2.4,29,1,2026-01-09 05:48:50.358898,2025-12-25 03:06:15.094275,2.4,29,Yelp Only
90,"Daniel J Pohlman, MD",539 N Dearborn St,Chicago,IL,60654,+13125494400,https://www.yelp.com/biz/daniel-j-pohlman-md-chicago-2?adjust_creative=bW9tF4xYi6np6FiGvjpZYA&utm_campaign=yelp_api_v3&utm_medium=api_v3_business_lookup&utm_source=bW9tF4xYi6np6FiGvjpZYA,41.891846,-87.6294623,primary_care,,,,RdDVaos9aboumGIAe2PE2Q,5.0,1,1,2025-12-25 05:05:26.001279,2025-12-25 03:06:18.270471,5.0,1,Yelp Only
91,Mind Body Healing Center,77 W Washington,Chicago,IL,60602,+13122855287,https://www.yelp.com/biz/mind-body-healing-center-chicago-2?adjust_creative=bW9tF4xYi6np6FiGvjpZYA&utm_campaign=yelp_api_v3&utm_medium=api_v3_business_lookup&utm_source=bW9tF4xYi6np6FiGvjpZYA,41.882847,-87.63063,,,,,c-zschyUVYzTWj88sZI-9A,4.4,18,1,2026-01-09 05:48:54.445539,2025-12-25 03:06:20.097670,4.4,18,Yelp Only
92,Caris Pregnancy Counseling and Resources,111 N Wabash Ave,Chicago,IL,60602,+13122295700,https://www.yelp.com/biz/caris-pregnancy-counseling-and-resources-chicago-2?adjust_creative=bW9tF4xYi6np6FiGvjpZYA&utm_campaign=yelp_api_v3&utm_medium=api_v3_business_lookup&utm_source=bW9tF4xYi6np6FiGvjpZYA,41.8834938370233,-87.6259479018524,,,,,BKgMPM8bVdKMMAatF0MhUA,4.2,5,1,2025-12-25 05:05:27.386130,2025-12-25 03:06:21.503052,4.2,5,Yelp Only
93,"Michael W Glavin, LMFT",111 N Wabash Ave,Chicago,IL,60602,+13124700788,https://www.yelp.com/biz/michael-w-glavin-lmft-chicago-3?adjust_creative=bW9tF4xYi6np6FiGvjpZYA&utm_campaign=yelp_api_v3&utm_medium=api_v3_business_lookup&utm_source=bW9tF4xYi6np6FiGvjpZYA,41.88358970012783,-87.62600899501408,,,,,CgVTsVSuhqexTHvYwWzSgg,5.0,10,1,2025-12-25 05:05:31.240958,2025-12-25 03:06:24.144619,5.0,10,Yelp Only
94,"Evan Ng, M.D.",200 S Michigan Ave,Chicago,IL,60604,+13129223815,https://www.yelp.com/biz/evan-ng-m-d-chicago?adjust_creative=bW9tF4xYi6np6FiGvjpZYA&utm_campaign=yelp_api_v3&utm_medium=api_v3_business_lookup&utm_source=bW9tF4xYi6np6FiGvjpZYA,41.8793128,-87.6248906,primary_care,,,,dI08wWgZXUvMCQOiNxbfWg,4.9,21,1,2026-01-09 05:50:05.590693,2025-12-25 03:06:25.547759,4.9,21,Yelp Only
95,"Mukesh C Jain, MD",111 N Wabash Ave,Chicago,IL,60602,+13127269518,https://www.yelp.com/biz/mukesh-c-jain-md-chicago-3?adjust_creative=bW9tF4xYi6np6FiGvjpZYA&utm_campaign=yelp_api_v3&utm_medium=api_v3_business_lookup&utm_source=bW9tF4xYi6np6FiGvjpZYA,41.883464,-87.625732,,,,,ZYsfUGUDrV7TmHKq7NpRcQ,4.1,10,1,2025-12-25 05:05:35.425965,2025-12-25 03:06:28.182353,4.1,10,Yelp Only
96,Mindful TMS,25 E Washington St,Chicago,IL,60602,+13122161211,https://www.yelp.com/biz/mindful-tms-chicago?adjust_creative=bW9tF4xYi6np6FiGvjpZYA&utm_campaign=yelp_api_v3&utm_medium=api_v3_business_lookup&utm_source=bW9tF4xYi6np6FiGvjpZYA,41.88292042507535,-87.62646764436634,,,,,qsY_yWBTX9Xmu0mR2XrjAQ,5.0,1,1,2026-01-09 05:48:55.815666,2025-12-25 03:06:29.642353,5.0,1,Yelp Only
97,Lume Wellness,351 W Hubbard St,Chicago,IL,60654,+13122852004,https://www.yelp.com/biz/lume-wellness-chicago?adjust_creative=bW9tF4xYi6np6FiGvjpZYA&utm_campaign=yelp_api_v3&utm_medium=api_v3_business_lookup&utm_source=bW9tF4xYi6np6FiGvjpZYA,41.88969,-87.63757,,,,,MhWP8RC33OyVy5yM_MKlFQ,4.8,64,1,2026-01-09 05:49:01.017236,2025-12-25 03:06:33.799636,4.8,64,Yelp Only
98,South Loop Immediate Care,1430 S Michigan Ave,Chicago,IL,60605,+13126633522,https://www.yelp.com/biz/south-loop-immediate-care-chicago?adjust_creative=bW9tF4xYi6np6FiGvjpZYA&utm_campaign=yelp_api_v3&utm_medium=api_v3_business_lookup&utm_source=bW9tF4xYi6np6FiGvjpZYA,41.863226,-87.624258,urgent_care,,,,X3HOHEOwLmp11W4El1mbOg,4.5,124,1,2026-01-09 05:49:17.151409,2025-12-25 03:06:42.415702,4.5,124,Yelp Only
99,Ami Desai,200 S Michigan Ave,Chicago,IL,60604,+13129223815,https://www.yelp.com/biz/ami-desai-chicago?adjust_creative=bW9tF4xYi6np6FiGvjpZYA&utm_campaign=yelp_api_v3&utm_medium=api_v3_business_lookup&utm_source=bW9tF4xYi6np6FiGvjpZYA,41.879306,-87.624916,primary_care,,,,8BwQJEuZkudEQVJju3rDFA,4.6,26,1,2026-01-09 05:50:19.530512,2025-12-25 03:07:18.780782,4.6,26,Yelp Only
100,Michigan Avenue Internists,200 S Michigan Ave,Chicago,IL,60604,+13129223815,https://www.yelp.com/biz/michigan-avenue-internists-chicago?adjust_creative=bW9tF4xYi6np6FiGvjpZYA&utm_campaign=yelp_api_v3&utm_medium=api_v3_business_lookup&utm_source=bW9tF4xYi6np6FiGvjpZYA,41.879323,-87.624936,primary_care,,,,w4Zhs07XsnguR_qiAbIIlg,3.9,55,1,2026-01-09 05:49:51.646113,2025-12-25 03:07:21.553392,3.9,55,Yelp Only
101,Full Spectrum Health,122 S Michigan Ave,Chicago,IL,60603,+18584559726,https://www.yelp.com/biz/full-spectrum-health-chicago?adjust_creative=bW9tF4xYi6np6FiGvjpZYA&utm_campaign=yelp_api_v3&utm_medium=api_v3_business_lookup&utm_source=bW9tF4xYi6np6FiGvjpZYA,41.8799743652344,-87.6249465942383,primary_care,,,,5iFib72VwKhK3Rt756d_xg,3.0,2,1,2026-01-09 05:50:07.048543,2025-12-25 03:07:31.355544,3.0,2,Yelp Only
102,Northwestern Medicine Immediate Care South Loop,1135 S Delano Ct,Chicago,IL,60605,+13126942273,https://www.yelp.com/biz/northwestern-medicine-immediate-care-south-loop-chicago-3?adjust_creative=bW9tF4xYi6np6FiGvjpZYA&utm_campaign=yelp_api_v3&utm_medium=api_v3_business_lookup&utm_source=bW9tF4xYi6np6FiGvjpZYA,41.8682329,-87.6320553,primary_care,,,,rwQpZaecNAMVtz1jRcpdDQ,3.3,14,1,2026-01-09 05:50:13.973173,2025-12-25 03:07:40.014254,3.3,14,Yelp Only
103,"Farah Khan, MD",30 S Michigan Ave,Chicago,IL,60603,+13129771185,https://www.yelp.com/biz/farah-khan-md-chicago?adjust_creative=bW9tF4xYi6np6FiGvjpZYA&utm_campaign=yelp_api_v3&utm_medium=api_v3_business_lookup&utm_source=bW9tF4xYi6np6FiGvjpZYA,41.88121192574501,-87.62467413448537,primary_care,,,,fjYphrU4JX6nKWVekvo1YA,3.0,28,1,2026-01-09 05:49:57.213945,2025-12-25 03:07:41.387804,3.0,28,Yelp Only
104,China Square Clinic,"2142 S Archer Ave, Chicago, IL 60616, USA",,,,(312) 326-1400,https://www.thorek.org/locations/china-square-clinic,41.8538114,-87.63385509999999,,ChIJ1fzGhmEsDogRE2fMbUOV9gw,1.8,10,,,,1,2025-12-27 01:07:47.138468,2025-12-25 03:46:05.971123,1.8,10,Google Only
105,MinuteClinic at CVS,"741 W 31st St, Chicago, IL 60616, USA",,,,(866) 389-2727,https://www.cvs.com/minuteclinic/clinic-locator/il/chicago/8738.html?WT.mc_id=LS_mc_google_carenav_8738,41.8376549,-87.64539529999999,,ChIJe_D53HQtDogR7sCPacHGCXI,3.6,39,,,,1,2025-12-25 04:31:55.211484,2025-12-25 04:31:55.211493,3.6,39,Google Only
106,MinuteClinic at CVS,"344 W Hubbard St, Chicago, IL 60654, USA",,,,(866) 389-2727,https://www.cvs.com/minuteclinic/clinic-locator/il/chicago/788.html?WT.mc_id=LS_mc_google_carenav_788,41.8902142,-87.6372579,,ChIJ8QJoC7YsDogR3lRWFZE0yFI,3.0,26,,,,1,2025-12-25 04:31:57.415283,2025-12-25 04:31:57.415291,3.0,26,Google Only
107,Primary Care Plus,"1801 W Taylor St, Chicago, IL 60612, USA",,,,(312) 413-3627,https://www.uic.edu/apps/departments-az/search?dispatch=find&orgid=97547,41.8687137,-87.67206949999999,,ChIJW6C3nREtDogRKEji7qJ9jcE,5.0,2,,,,1,2025-12-25 04:31:58.526570,2025-12-25 04:31:58.526576,5.0,2,Google Only
108,MinuteClinic,"2656 N Elston Ave, Chicago, IL 60647, USA",,,,(866) 389-2727,https://www.cvs.com/minuteclinic/clinic-locator/il/chicago/16361.html?WT.mc_id=LS_mc_google_carenav_16361,41.928476,-87.6850778,,ChIJNej36I7SD4gRPPrwaZml4Po,3.1,37,,,,1,2025-12-25 04:31:59.632202,2025-12-25 04:31:59.632207,3.1,37,Google Only
109,MinuteClinic,"1200 N Larrabee St, Chicago, IL 60610, USA",,,,(866) 389-2727,https://www.cvs.com/minuteclinic/clinic-locator/il/chicago/17591.html?WT.mc_id=LS_mc_google_carenav_17591,41.9043994,-87.6440848,,ChIJz6FUvzDTD4gRCvjdy6c8e88,4.5,14,,,,1,2025-12-25 04:32:00.742986,2025-12-25 04:32:00.742994,4.5,14,Google Only
110,Northwestern Medicine Preoperative Clinic,"233 E Superior St, Chicago, IL 60611, USA",,,,(312) 926-4343,http://preop.nm.org/locations-hours-and-appointments.html,41.8955995,-87.6211716,,ChIJ_6_zxVTTD4gREQwjtOuOlhA,3.0,2,,,,1,2025-12-25 04:32:04.055786,2025-12-25 04:32:04.055799,3.0,2,Google Only
111,New Life Clinic of Chicago,"180 Michigan Ave, Chicago, IL 60601, USA",,,,(312) 332-4269,,41.88551959999999,-87.6249764,,ChIJEcn5Xa8sDogRoUUjNWjaoRk,,,,,,1,2025-12-25 04:32:06.247518,2025-12-25 04:32:06.247528,,0,Google Only
112,University-Il Clinics,"1801 W Taylor St, Chicago, IL 60612, USA",,,,(312) 996-7714,http://www.uic.edu/,41.8687969,-87.6718398,,ChIJo_y8dBEtDogRujpW_faZrqA,,,,,,1,2025-12-25 04:32:09.516371,2025-12-25 04:32:09.516382,,0,Google Only
113,Chicago General Health Services,"1351 S Morgan St, Chicago, IL 60608, USA",,,,(312) 733-6940,,41.864057,-87.6506388,,ChIJ9aJK_fosDogRuUbgeFsn9_M,,,,,,1,2025-12-25 04:32:12.793465,2025-12-25 04:32:12.793474,,0,Google Only
114,Cook County Health Specialty Care Center,"1901 W Harrison St, Chicago, IL 60612, USA",,,,(312) 864-0200,https://cookcountyhealth.org/locations/specialty-care-center/?utm_source=GMBSocialClimb&utm_medium=CookCountyHealthSpecialtyCareHealthCenter,41.8737108,-87.6744762,,ChIJ0SOhshUtDogRKJsh_7lP68U,5.0,2,,,,1,2025-12-25 04:32:13.919660,2025-12-25 04:32:13.919670,5.0,2,Google Only
115,Physicians Immediate Care,"121 W North Ave, Chicago, IL 60610, USA",,,,(312) 643-5606,https://www.wellnow.com/urgent-care-centers/illinois/chicago/121-w-north-avenue-60610/?utm_source=googleplaces&utm_medium=lociqgoogleplaces&utm_content=listing,41.9109531,-87.63263529999999,,ChIJBVHA7kPTD4gR7yyMOHJIxIE,4.5,688,,,,1,2025-12-27 01:07:48.263902,2025-12-27 01:07:48.263908,4.5,688,Google Only
116,Sage Therapy ,155 N Michigan Ave,Chicago,IL,60601,+13128197381,https://www.yelp.com/biz/sage-therapy-chicago?adjust_creative=bW9tF4xYi6np6FiGvjpZYA&utm_campaign=yelp_api_v3&utm_medium=api_v3_business_lookup&utm_source=bW9tF4xYi6np6FiGvjpZYA,41.88517035824185,-87.62420661718932,,,,,GAmGL9egqRNEtx7k5A1OtA,4.0,4,1,2025-12-27 01:09:03.620505,2025-12-27 01:09:03.620515,4.0,4,Yelp Only
117,Ova Egg Freezing Speciality Center,401 N Michigan Ave,Chicago,IL,60611,+13128000228,https://www.yelp.com/biz/ova-egg-freezing-speciality-center-chicago?adjust_creative=bW9tF4xYi6np6FiGvjpZYA&utm_campaign=yelp_api_v3&utm_medium=api_v3_business_lookup&utm_source=bW9tF4xYi6np6FiGvjpZYA,41.88963435956129,-87.62287716097615,,,,,tmZcUzWaIcr0raWCb-GrFw,4.7,24,1,2026-01-09 05:47:50.122925,2026-01-09 05:47:50.122933,4.7,24,Yelp Only
118,Hobson Institute,30 N Michigan Ave,Chicago,IL,60602,+13129869833,https://www.yelp.com/biz/hobson-institute-chicago-2?adjust_creative=bW9tF4xYi6np6FiGvjpZYA&utm_campaign=yelp_api_v3&utm_medium=api_v3_business_lookup&utm_source=bW9tF4xYi6np6FiGvjpZYA,41.8830478,-87.62682,specialty,,,,hpB1Nlq9kT20RmNSKW09Zg,4.0,12,1,2026-01-09 05:48:53.068937,2026-01-09 05:48:53.068945,4.0,12,Yelp Only
119,Illinois Dermatology Institute,25 E Washington St,Chicago,IL,60602,+13125857299,https://www.yelp.com/biz/illinois-dermatology-institute-chicago-4?adjust_creative=bW9tF4xYi6np6FiGvjpZYA&utm_campaign=yelp_api_v3&utm_medium=api_v3_business_lookup&utm_source=bW9tF4xYi6np6FiGvjpZYA,41.88305326279569,-87.62682134433646,specialty,,,,dkQ_YelWZYggJS1AtDDx2Q,3.9,86,1,2026-01-09 05:48:59.628773,2026-01-09 05:48:59.628780,3.9,86,Yelp Only
120,Kraff Eye Institute,25 E Washington St,Chicago,IL,60602,+13127577335,https://www.yelp.com/biz/kraff-eye-institute-chicago?adjust_creative=bW9tF4xYi6np6FiGvjpZYA&utm_campaign=yelp_api_v3&utm_medium=api_v3_business_lookup&utm_source=bW9tF4xYi6np6FiGvjpZYA,41.882928,-87.626655,,,,,q-p9UD7FhQekiMt0DmOlhg,4.2,234,1,2026-01-09 05:49:02.458426,2026-01-09 05:49:02.458432,4.2,234,Yelp Only
121,"Christina Jones, LCSW",25 East Washington St,Chicago,IL,60602,+17083705646,https://www.yelp.com/biz/christina-jones-lcsw-chicago?adjust_creative=bW9tF4xYi6np6FiGvjpZYA&utm_campaign=yelp_api_v3&utm_medium=api_v3_business_lookup&utm_source=bW9tF4xYi6np6FiGvjpZYA,41.88291,-87.6266799,,,,,b7r9E5v7KUSghPEqxTkhcg,5.0,7,1,2026-01-09 05:49:07.827804,2026-01-09 05:49:07.827812,5.0,7,Yelp Only
122,Molina Healthcare of Illinois Regional Office,222 W Adams St,Chicago,IL,60606,+18888582156,https://www.yelp.com/biz/molina-healthcare-of-illinois-regional-office-chicago?adjust_creative=bW9tF4xYi6np6FiGvjpZYA&utm_campaign=yelp_api_v3&utm_medium=api_v3_business_lookup&utm_source=bW9tF4xYi6np6FiGvjpZYA,41.87972,-87.63476,primary_care,,,,VuIpDcdH_Rf6p98lZCbWVg,1.8,5,1,2026-01-09 05:49:09.203097,2026-01-09 05:49:09.203107,1.8,5,Yelp Only
123,Metro Spine and Sports Rehabilitation,20 S Clark St,Chicago,IL,60603,+13123688400,https://www.yelp.com/biz/metro-spine-and-sports-rehabilitation-chicago-4?adjust_creative=bW9tF4xYi6np6FiGvjpZYA&utm_campaign=yelp_api_v3&utm_medium=api_v3_business_lookup&utm_source=bW9tF4xYi6np6FiGvjpZYA,41.88129,-87.63122,specialty,,,,9trSVdr5zQdFChIUd_MseA,5.0,18,1,2026-01-09 05:49:10.603929,2026-01-09 05:49:10.603936,5.0,18,Yelp Only
